,Country,Happiness Score,Region,Main Language,Political Regime,Independent,UN Member,Main Currency,Population,Area,Car Side,Income share held by lowest 20%,"Life expectancy at birth, total (years)","Prevalence of HIV, total (% of population ages 15-49)",Renewable energy consumption (% of total final energy consumption),"Intentional homicides (per 100,000 people)",Refugee population by country or territory of asylum,Armed forces personnel (% of total labor force),Urban population (% of total population),GNI (current US$),"Foreign direct investment, net (BoP, current US$)",GDP per person employed (constant 2021 PPP $),"Employment to population ratio, 15+, total (%) (modeled ILO estimate)",Forest area (% of land area),Terrestrial and marine protected areas (% of total territorial area),Logistics performance index: Ease of arranging competitively priced shipments (1=low to 5=high),High-technology exports (% of manufactured exports),Individuals using the Internet (% of population),Mobile cellular subscriptions (per 100 people),Alternative and nuclear energy (% of total energy use),Electric power consumption (kWh per capita),Access to clean fuels and technologies for cooking (% of population),Social contributions (% of revenue),People using at least basic drinking water services (% of population),"School enrollment, primary and secondary (gross), gender parity index (GPI)",Proportion of seats held by women in national parliaments (%),"Maternal mortality ratio (modeled estimate, per 100,000 live births)","Primary completion rate, total (% of relevant age group)","Government expenditure on education, total (% of government expenditure)","Agriculture, forestry, and fishing, value added (% of GDP)","Mortality caused by road traffic injury (per 100,000 population)"
40,Finland,7.741,Europe,Finnish,Liberal Democracies,True,True,EUR,5530719,338424.0,right,9.3,81.0,,50.2,2.0,89869.0,0.8,86.0,297.13,-985409102.0,118586.0,56.0,73.7,13.1,4.1,10.0,94.0,129.0,25.4,15250.0,100.0,32.2,100.0,1.06,46.0,8.0,98.0,10.2,2.3,4.0
123,Denmark,7.583,Europe,Danish,Liberal Democracies,True,True,DKK,5831404,43094.0,right,9.2,81.0,0.1,39.5,1.0,68912.0,0.5,88.0,418.67,6.25,140245.0,61.0,15.8,17.9,3.6,17.0,99.0,127.0,11.7,5859.0,100.0,1.8,100.0,1.0,44.0,5.0,100.0,11.8,0.8,4.0
103,Iceland,7.525,Europe,Icelandic,Liberal Democracies,True,True,ISK,366425,103000.0,right,9.7,82.0,0.1,82.4,1.0,8715.0,0.0,94.0,31.87,-441193875.0,113172.0,72.0,0.5,2.9,3.3,43.0,100.0,123.0,37.5,53832.0,100.0,9.5,100.0,0.99,48.0,3.0,99.0,14.9,3.8,2.0
83,Sweden,7.344,Europe,Swedish,Liberal Democracies,True,True,SEK,10353442,450295.0,right,7.8,83.0,,57.9,1.0,237632.0,0.3,89.0,606.6,17.51,126052.0,60.0,68.7,15.5,3.4,18.0,96.0,125.0,43.2,13480.0,100.0,8.9,100.0,1.07,46.0,5.0,100.0,13.5,1.0,3.0
213,Israel,7.341,Asia,Arabic,Electoral Democracies,True,True,ILS,9216900,20770.0,right,5.6,83.0,,6.2,2.0,1235.0,4.2,93.0,506.7,-5.38,106698.0,63.0,6.5,10.5,3.5,35.0,92.0,152.0,5.2,6601.0,100.0,15.8,100.0,1.01,24.0,3.0,95.0,17.5,1.2,4.0
53,Netherlands,7.319,Europe,Dutch,Liberal Democracies,True,True,EUR,16655799,41850.0,right,9.4,82.0,0.2,12.2,1.0,237767.0,0.4,93.0,1.14,-23.49,127698.0,65.0,11.0,25.3,3.7,24.0,97.0,118.0,3.4,6713.0,100.0,32.5,100.0,1.01,40.0,4.0,,11.6,1.7,4.0
153,Norway,7.302,Europe,Norwegian Nynorsk,Liberal Democracies,True,True,NOK,5379475,323802.0,right,8.8,83.0,,61.4,1.0,103606.0,0.9,84.0,507.85,2.1,171726.0,63.0,33.5,15.2,3.0,26.0,99.0,111.0,31.3,23000.0,100.0,13.4,100.0,0.98,46.0,2.0,99.0,10.1,2.1,2.0
104,Luxembourg,7.122,Europe,German,Liberal Democracies,True,True,EUR,632275,2586.0,right,7.2,83.0,0.2,20.5,1.0,13735.0,0.3,92.0,55.81,55.74,265492.0,58.0,34.5,55.8,3.6,6.0,99.0,137.0,3.7,13915.0,100.0,29.1,100.0,0.99,33.0,6.0,78.0,10.7,0.2,4.0
1,Switzerland,7.06,Europe,French,Liberal Democracies,True,True,CHF,8654622,41284.0,right,7.5,83.0,0.2,27.7,0.0,192507.0,0.4,74.0,860.24,99.13,148664.0,65.0,32.3,12.1,3.6,29.0,97.0,120.0,39.9,7520.0,100.0,38.2,100.0,0.97,39.0,7.0,95.0,15.4,0.6,2.0
110,Australia,7.057,Oceania,English,Liberal Democracies,True,True,AUD,25687041,7692024.0,left,7.4,83.0,0.1,12.3,1.0,34502.0,0.4,87.0,1.65,-17.89,114553.0,64.0,17.4,32.1,3.1,25.0,95.0,107.0,2.2,10071.0,100.0,,100.0,0.98,38.0,3.0,,13.9,2.6,5.0
214,New Zealand,7.029,Oceania,English,Liberal Democracies,True,True,NZD,5084300,270467.0,left,,83.0,,,3.0,,,,,,,,37.7,,,,96.0,,,,,,,,44.0,,,,,
109,Costa Rica,6.955,Americas,Spanish,Liberal Democracies,True,True,CRC,5094114,51100.0,right,4.5,77.0,0.5,34.2,11.0,23422.0,0.4,83.0,80.48,-3.7,61840.0,52.0,60.1,28.8,2.8,24.0,85.0,152.0,14.2,1954.0,96.0,36.4,100.0,1.05,47.0,22.0,101.0,31.2,3.8,15.0
184,Kuwait,6.951,Asia,Arabic,Electoral Autocracies,True,True,KWD,4270563,17818.0,right,,80.0,0.1,0.1,0.0,572.0,1.0,100.0,195.99,9.09,78731.0,72.0,0.4,10.7,3.2,2.0,100.0,181.0,0.0,15697.0,100.0,,100.0,1.05,3.0,7.0,95.0,12.6,0.5,15.0
145,Austria,6.905,Europe,German,Electoral Democracies,True,True,EUR,8917205,83871.0,right,7.7,81.0,,36.0,1.0,257811.0,0.5,60.0,510.08,5.45,130225.0,58.0,47.2,29.5,3.8,16.0,95.0,123.0,12.2,8356.0,100.0,33.0,100.0,0.99,41.0,5.0,97.0,9.0,1.3,5.0
90,Canada,6.9,Americas,English,Liberal Democracies,True,True,CAD,38005238,9984670.0,right,7.7,81.0,0.2,23.8,2.0,169448.0,0.4,82.0,2.11,35.23,108263.0,62.0,39.5,11.4,3.6,15.0,94.0,91.0,19.8,15590.0,100.0,23.1,99.0,1.0,31.0,11.0,98.0,11.1,1.8,5.0
212,Belgium,6.894,Europe,German,Liberal Democracies,True,True,EUR,11555997,30528.0,right,9.2,82.0,0.2,11.7,1.0,167831.0,0.5,98.0,648.33,-10.58,146162.0,51.0,22.6,17.8,3.8,19.0,95.0,102.0,15.1,7709.0,100.0,35.5,100.0,1.08,43.0,5.0,,11.3,0.8,6.0
151,Ireland,6.838,Europe,English,Liberal Democracies,True,True,EUR,4994724,70273.0,left,8.9,83.0,0.2,12.7,0.0,113902.0,0.4,64.0,419.85,12.93,228593.0,62.0,11.5,4.0,3.6,48.0,96.0,113.0,4.8,5672.0,100.0,17.5,96.0,1.04,23.0,5.0,96.0,12.0,0.9,3.0
130,Czechia,6.822,Europe,Czech,Liberal Democracies,True,True,CZK,10698896,78865.0,right,9.7,79.0,0.1,17.2,0.0,377120.0,0.5,75.0,317.87,-729773116.0,95586.0,59.0,34.7,22.2,3.4,20.0,86.0,128.0,19.0,6259.0,100.0,49.2,100.0,1.01,26.0,3.0,103.0,10.9,1.7,6.0
161,Lithuania,6.818,Europe,Lithuanian,Electoral Democracies,True,True,EUR,2794700,65300.0,right,7.0,76.0,0.2,33.2,3.0,80225.0,2.5,69.0,76.75,-1.42,92490.0,59.0,35.2,17.8,3.4,14.0,89.0,139.0,3.8,3821.0,100.0,29.4,98.0,0.98,28.0,9.0,101.0,12.7,2.7,8.0
38,United Kingdom,6.749,Europe,English,Liberal Democracies,True,True,GBP,67215293,242900.0,left,7.7,82.0,,12.2,1.0,448620.0,0.4,85.0,3.3,153.37,107335.0,59.0,13.3,39.9,3.5,29.0,95.0,121.0,13.1,5130.0,100.0,18.6,100.0,1.01,35.0,10.0,100.0,10.6,0.6,3.0
96,Slovenia,6.743,Europe,Slovene,Electoral Democracies,True,True,EUR,2100126,20273.0,right,10.2,81.0,0.1,23.4,0.0,10525.0,0.7,56.0,68.2,-618530593.0,99442.0,57.0,61.3,40.1,3.4,8.0,90.0,126.0,28.2,6728.0,100.0,41.4,100.0,1.01,38.0,5.0,97.0,11.5,1.5,5.0
77,United Arab Emirates,6.733,Asia,Arabic,Closed Autocracies,True,True,AED,9890400,83600.0,right,8.2,79.0,0.1,1.0,0.0,1416.0,1.0,88.0,517.97,,108156.0,76.0,4.5,15.9,3.8,9.0,100.0,212.0,0.1,12677.0,100.0,7.0,100.0,1.01,50.0,9.0,99.0,14.8,0.7,9.0
172,United States,6.725,Americas,English,Liberal Democracies,True,True,USD,329484123,9372610.0,right,5.2,77.0,0.4,10.9,7.0,409202.0,0.8,83.0,27.58,105.3,151286.0,60.0,33.9,15.9,3.4,22.0,97.0,110.0,11.9,12994.0,100.0,37.5,100.0,0.99,29.0,21.0,96.0,12.7,0.9,13.0
80,Germany,6.719,Europe,German,Liberal Democracies,True,True,EUR,83240525,357114.0,right,7.8,81.0,0.1,17.6,1.0,2593007.0,0.4,78.0,4.64,72.41,123728.0,59.0,32.7,38.7,3.7,18.0,92.0,125.0,12.9,7035.0,100.0,56.0,100.0,0.97,35.0,4.0,98.0,9.2,0.8,4.0
19,Mexico,6.678,Americas,Spanish,Electoral Democracies,True,True,MXN,128932753,1964375.0,right,5.6,75.0,0.4,13.0,28.0,124784.0,0.6,82.0,1.74,-29.85,48528.0,60.0,33.7,19.0,2.8,18.0,81.0,100.0,3.5,2168.0,86.0,12.5,100.0,1.05,50.0,59.0,102.0,15.9,3.8,13.0
143,Uruguay,6.611,Americas,Spanish,Liberal Democracies,True,True,UYU,3473727,181034.0,right,5.6,78.0,0.6,57.8,9.0,1285.0,1.3,96.0,71.75,-2.81,65117.0,59.0,11.8,2.4,2.7,11.0,90.0,139.0,14.8,3126.0,100.0,31.8,100.0,1.05,26.0,19.0,100.0,15.4,5.6,15.0
17,France,6.609,Europe,French,Liberal Democracies,True,True,EUR,67391582,551695.0,right,7.7,82.0,0.3,16.2,1.0,664366.0,1.0,82.0,3.09,30.51,125783.0,52.0,31.8,36.6,3.7,24.0,87.0,119.0,49.1,6940.0,100.0,37.8,100.0,1.0,38.0,8.0,93.0,8.9,1.7,5.0
92,Saudi Arabia,6.594,Asia,Arabic,Closed Autocracies,True,True,SAR,34813867,2149690.0,right,,78.0,,,1.0,,,,,,,,0.5,,,,100.0,,,,,,,,20.0,,,,,
183,Kosovo,6.561,Europe,Albanian,,,False,EUR,1775378,10908.0,right,9.2,80.0,,,2.0,,,,10.68,-703007657.0,,,,,,,89.0,32.0,0.5,2818.0,,,,,,,,,7.2,
34,Singapore,6.523,Asia,English,Electoral Autocracies,True,True,SGD,5685807,710.0,left,,83.0,,1.1,0.0,5.0,1.7,100.0,420.68,-112.24,215853.0,67.0,21.2,2.5,4.0,56.0,94.0,156.0,0.2,8845.0,100.0,,100.0,1.0,29.0,7.0,100.0,10.1,0.0,2.0
138,Romania,6.491,Europe,Romanian,Electoral Democracies,True,True,RON,19286123,238391.0,right,6.0,75.0,0.1,23.6,1.0,87487.0,1.5,55.0,341.41,-6.88,98176.0,49.0,30.1,24.4,3.4,13.0,89.0,118.0,14.5,2584.0,100.0,34.3,100.0,1.0,19.0,10.0,83.0,8.1,3.9,10.0
73,El Salvador,6.469,Americas,Spanish,Electoral Autocracies,True,True,USD,6486201,21041.0,right,5.6,71.0,0.5,21.9,18.0,106.0,1.6,75.0,31.87,-730286689.0,25990.0,59.0,27.7,2.1,2.6,6.0,63.0,182.0,6.3,957.0,94.0,9.9,99.0,0.98,27.0,43.0,81.0,12.0,4.6,21.0
137,Estonia,6.448,Europe,Estonian,Liberal Democracies,True,True,EUR,1331057,45227.0,right,8.1,78.0,0.7,38.0,2.0,42005.0,1.0,70.0,40.05,-3.15,80736.0,61.0,57.1,20.2,3.4,17.0,93.0,155.0,0.9,6732.0,100.0,32.0,100.0,1.02,29.0,5.0,99.0,14.3,1.9,5.0
197,Poland,6.442,Europe,Polish,Electoral Democracies,True,True,PLN,37950802,312679.0,right,,77.0,,,1.0,,,,,,,,31.1,,,,86.0,,,,,,,,29.0,,,,,
95,Spain,6.421,Europe,Spanish,Liberal Democracies,True,True,EUR,47351567,505992.0,right,6.4,83.0,0.2,19.0,1.0,385701.0,0.9,82.0,1.61,-3.28,107604.0,51.0,37.2,17.9,3.7,10.0,95.0,124.0,20.0,5356.0,100.0,40.4,100.0,1.02,44.0,3.0,98.0,9.2,2.5,4.0
190,Serbia,6.411,Europe,Serbian,Electoral Autocracies,True,True,RSD,6908224,88361.0,right,7.1,75.0,0.1,27.2,1.0,29365.0,1.0,57.0,77.12,-4.56,57198.0,52.0,32.4,8.1,2.9,5.0,85.0,124.0,5.7,4271.0,83.0,29.6,96.0,1.01,35.0,10.0,98.0,7.4,3.8,8.0
171,Chile,6.36,Americas,Spanish,Liberal Democracies,True,True,CLP,19116209,756102.0,right,5.9,80.0,0.6,24.2,4.0,2338.0,1.3,88.0,318.45,-15.46,63771.0,56.0,24.8,37.9,2.7,11.0,94.0,135.0,5.7,3857.0,100.0,3.8,100.0,0.98,35.0,15.0,100.0,14.9,3.5,15.0
149,Panama,6.358,Americas,Spanish,Electoral Democracies,True,True,PAB,4314768,75417.0,right,3.7,77.0,1.0,28.0,13.0,2724.0,1.3,70.0,79.29,-1.54,78835.0,61.0,56.5,27.7,3.1,1.0,74.0,156.0,8.9,2069.0,100.0,0.0,95.0,1.01,23.0,50.0,93.0,11.9,2.5,14.0
179,Malta,6.346,Europe,English,Electoral Democracies,True,True,EUR,525285,316.0,left,8.0,83.0,0.2,8.6,0.0,11724.0,0.7,95.0,19.35,-1.08,111236.0,62.0,1.4,7.6,3.0,43.0,92.0,132.0,1.5,4925.0,100.0,17.1,100.0,1.0,28.0,3.0,96.0,12.7,0.7,4.0
7,Italy,6.324,Europe,Italian,Liberal Democracies,True,True,EUR,59554023,301336.0,right,6.5,83.0,0.2,17.5,1.0,298296.0,1.4,72.0,2.25,-11.44,130121.0,46.0,32.7,14.5,3.4,10.0,87.0,133.0,6.3,5002.0,100.0,31.9,100.0,0.99,32.0,5.0,97.0,7.4,1.9,5.0
176,Guatemala,6.287,Americas,Spanish,Electoral Democracies,True,True,GTQ,16858333,108889.0,right,,69.0,,,20.0,,,,,,,,32.7,,,,54.0,,,,,,,,20.0,,,,,
215,Nicaragua,6.284,Americas,Spanish,Electoral Autocracies,True,True,NIO,6624554,130373.0,right,5.1,75.0,0.3,50.4,11.0,311.0,0.4,60.0,16.94,-1.2,16959.0,62.0,26.7,10.0,2.8,1.0,61.0,97.0,3.3,575.0,59.0,,82.0,1.04,52.0,78.0,81.0,17.7,15.3,17.0
189,Brazil,6.272,Americas,Portuguese,Electoral Democracies,True,True,BRL,212559409,8515767.0,right,3.6,73.0,0.6,46.5,22.0,235765.0,0.8,88.0,2.11,-39.08,41015.0,58.0,59.1,29.3,2.9,10.0,84.0,99.0,10.8,2655.0,97.0,23.2,100.0,1.01,18.0,72.0,,12.8,6.2,16.0
162,Slovakia,6.257,Europe,Slovak,Electoral Democracies,True,True,EUR,5458827,49037.0,right,9.1,77.0,0.1,17.9,1.0,126866.0,0.7,54.0,129.36,-87933105.0,80844.0,58.0,40.1,37.6,3.0,10.0,87.0,132.0,27.5,5137.0,100.0,39.0,100.0,1.01,22.0,5.0,95.0,9.4,2.0,6.0
119,Latvia,6.234,Europe,Latvian,Liberal Democracies,True,True,EUR,1901548,64559.0,right,7.1,75.0,0.7,44.0,3.0,45761.0,0.9,69.0,43.72,-670181723.0,79710.0,57.0,54.9,17.5,3.2,18.0,92.0,117.0,6.8,3507.0,100.0,32.6,99.0,1.0,32.0,18.0,98.0,12.7,3.8,8.0
27,Uzbekistan,6.195,Asia,Russian,Closed Autocracies,True,True,UZS,34232050,447400.0,right,7.2,72.0,,1.0,1.0,9405.0,0.5,51.0,100.82,-2.14,27044.0,54.0,8.5,5.8,2.6,3.0,89.0,103.0,1.9,1675.0,78.0,14.3,97.0,0.99,34.0,30.0,96.0,21.4,20.6,12.0
105,Argentina,6.188,Americas,Guaraní,Electoral Democracies,True,True,ARS,45376763,2780400.0,right,5.4,76.0,0.4,9.2,5.0,4104.0,0.5,92.0,632.73,-20.9,59586.0,58.0,10.4,9.6,2.7,5.0,89.0,132.0,5.5,3049.0,100.0,28.8,99.0,1.02,43.0,45.0,103.0,12.7,5.9,14.0
164,Kazakhstan,6.188,Asia,Kazakh,Electoral Autocracies,True,True,KZT,18754440,2724900.0,right,,74.0,,,3.0,,,,,,,,1.3,,,,93.0,,,,,,,,18.0,,,,,
89,Cyprus,6.068,Europe,Greek,Electoral Democracies,True,True,EUR,1207361,9251.0,left,8.6,82.0,0.1,15.6,1.0,39044.0,1.8,67.0,30.64,-4.07,67161.0,64.0,18.7,11.2,3.1,19.0,91.0,149.0,5.2,3476.0,100.0,28.2,100.0,0.98,14.0,68.0,99.0,12.7,1.2,6.0
169,Japan,6.06,Asia,Japanese,Liberal Democracies,True,True,JPY,125836021,377930.0,left,7.9,84.0,,8.8,0.0,22335.0,0.4,92.0,4.45,162.09,84889.0,61.0,68.4,15.2,3.3,17.0,85.0,168.0,3.1,7820.0,100.0,,99.0,1.0,10.0,4.0,,7.5,1.0,4.0
158,South Korea,6.058,Asia,Korean,Liberal Democracies,True,True,KRW,51780579,100210.0,right,7.5,83.0,,3.6,1.0,4053.0,2.0,81.0,1.74,19.36,89783.0,63.0,64.2,5.9,3.4,36.0,97.0,149.0,16.0,10497.0,100.0,26.2,100.0,1.0,19.0,8.0,96.0,,1.6,9.0
121,Philippines,6.048,Asia,English,Electoral Autocracies,True,True,PHP,109581085,342353.0,right,6.5,72.0,0.3,28.0,4.0,934.0,0.4,48.0,485.15,-5.21,23105.0,60.0,24.3,3.7,3.1,64.0,75.0,144.0,2.9,675.0,59.0,,95.0,1.03,27.0,78.0,81.0,16.7,9.4,12.0
142,Vietnam,6.043,Asia,Vietnamese,Closed Autocracies,True,True,VND,97338583,331212.0,right,6.8,75.0,0.3,24.2,2.0,19.0,0.9,39.0,407.25,-20.05,24236.0,73.0,47.2,2.9,3.3,43.0,78.0,140.0,6.9,1424.0,98.0,,98.0,,30.0,46.0,116.0,15.4,12.0,31.0
209,Portugal,6.03,Europe,Portuguese,Electoral Democracies,True,True,EUR,10305564,92090.0,right,,82.0,,,1.0,,,,,,,,36.2,,,,86.0,,,,,,,,36.0,,,,,
3,Hungary,6.017,Europe,Hungarian,Electoral Autocracies,True,True,HUF,9749763,93028.0,right,9.0,76.0,,15.3,1.0,63180.0,0.9,73.0,204.86,-1.68,80893.0,58.0,22.5,22.6,3.4,18.0,91.0,104.0,18.5,3966.0,100.0,25.1,100.0,0.99,14.0,15.0,97.0,10.4,4.7,8.0
72,Paraguay,5.977,Americas,Guaraní,Electoral Democracies,True,True,PYG,7132530,406752.0,right,5.0,70.0,0.5,58.8,8.0,5991.0,0.9,63.0,41.58,-326706488.0,33249.0,67.0,39.3,14.3,2.7,10.0,78.0,128.0,16.3,1688.0,69.0,23.7,100.0,1.02,23.0,71.0,90.0,22.0,11.3,22.0
111,Thailand,5.976,Asia,Thai,Electoral Autocracies,True,True,THB,69799978,513120.0,left,,80.0,,,5.0,,,,,,,,38.8,,,,90.0,,,,,,,,19.0,,,,,
87,Malaysia,5.975,Asia,English,Electoral Democracies,True,True,MYR,32365998,330803.0,left,5.9,76.0,0.3,7.5,1.0,135872.0,0.8,79.0,388.1,46861438.0,66895.0,63.0,57.9,8.8,3.7,59.0,98.0,141.0,1.2,4526.0,84.0,,97.0,1.04,14.0,21.0,99.0,17.1,7.8,23.0
23,China,5.973,Asia,Chinese,Closed Autocracies,True,True,CNY,1402112000,9706961.0,right,7.4,79.0,,15.2,1.0,296.0,0.3,65.0,17.65,142.57,42292.0,63.0,23.8,14.7,3.6,27.0,77.0,125.0,5.1,3905.0,88.0,41.5,98.0,1.01,27.0,23.0,105.0,10.5,7.1,17.0
114,Honduras,5.968,Americas,Spanish,Electoral Democracies,True,True,HNL,9904608,112492.0,right,3.6,71.0,0.2,45.9,38.0,182.0,0.6,60.0,31.87,-856785448.0,17397.0,54.0,56.5,11.0,3.0,1.0,60.0,76.0,3.3,612.0,50.0,18.4,96.0,1.07,27.0,72.0,76.0,15.4,12.0,16.0
126,Bahrain,5.959,Asia,Arabic,Closed Autocracies,True,True,BHD,1701583,765.0,right,,79.0,,0.0,0.0,254.0,2.3,90.0,43.47,-5.73,100808.0,70.0,0.9,20.5,3.1,0.0,100.0,145.0,0.0,19918.0,100.0,,100.0,1.04,20.0,16.0,89.0,9.3,0.3,5.0
50,Croatia,5.942,Europe,Croatian,Electoral Democracies,True,True,EUR,4047200,56594.0,right,8.2,78.0,0.1,34.1,1.0,25029.0,1.2,59.0,84.1,-1.97,97541.0,49.0,34.7,23.9,3.6,11.0,83.0,111.0,11.9,3747.0,100.0,27.8,99.0,1.04,32.0,5.0,100.0,10.7,3.4,8.0
49,Greece,5.934,Europe,Greek,Electoral Democracies,True,True,EUR,10715549,131990.0,right,7.1,81.0,0.2,21.5,1.0,192384.0,3.2,81.0,238.67,-671368461.0,92449.0,46.0,30.3,11.0,3.8,15.0,85.0,109.0,6.2,5063.0,100.0,29.0,100.0,0.98,23.0,8.0,99.0,7.1,3.3,8.0
93,Bosnia and Herzegovina,5.877,Europe,Bosnian,Electoral Democracies,True,True,BAM,3280815,51209.0,right,7.5,75.0,,36.6,1.0,348.0,0.8,50.0,27.36,-934281757.0,51750.0,44.0,42.7,4.1,3.1,5.0,83.0,118.0,4.3,3367.0,41.0,40.2,96.0,,19.0,6.0,86.0,10.4,4.7,14.0
18,Libya,5.866,Africa,Arabic,Closed Autocracies,True,True,LYD,6871287,1759540.0,right,,72.0,0.2,3.1,,1837.0,0.0,82.0,45.31,-377600000.0,43916.0,39.0,0.1,0.2,2.0,1.0,88.0,205.0,0.0,1793.0,,,100.0,1.06,16.0,72.0,,,1.8,21.0
196,Jamaica,5.842,Americas,English,Electoral Democracies,True,True,JMD,2961161,10991.0,left,5.7,71.0,1.3,10.5,52.0,31.0,0.4,57.0,19.13,-380413918.0,19608.0,65.0,55.8,1.6,2.4,3.0,85.0,106.0,0.6,1081.0,73.0,,91.0,1.03,29.0,99.0,79.0,16.9,9.0,15.0
33,Peru,5.841,Americas,Aymara,Electoral Democracies,True,True,PEN,32971846,1285216.0,right,5.7,73.0,0.4,30.6,6.0,6712.0,0.9,79.0,253.42,-2.44,29250.0,69.0,56.2,16.8,3.1,5.0,75.0,122.0,7.2,1345.0,88.0,9.7,95.0,0.96,39.0,69.0,104.0,18.9,7.2,14.0
65,Dominican Republic,5.823,Americas,Spanish,Electoral Democracies,True,True,DOP,10847904,48671.0,right,6.6,74.0,1.0,14.8,11.0,778.0,1.5,84.0,116.01,-4.39,52034.0,61.0,44.8,18.7,2.4,6.0,84.0,90.0,2.3,1592.0,93.0,0.8,97.0,1.02,28.0,107.0,85.0,22.0,6.4,65.0
165,Moldova,5.816,Europe,Romanian,Electoral Democracies,True,True,MDL,2617820,33846.0,right,10.1,69.0,0.9,21.4,3.0,120947.0,0.4,43.0,16.81,-341590000.0,28491.0,70.0,11.8,11.4,2.7,3.0,64.0,127.0,0.8,1725.0,98.0,29.4,92.0,0.99,39.0,12.0,104.0,15.8,7.6,7.0
46,Mauritius,5.816,Africa,English,Electoral Autocracies,True,True,MUR,1265740,2040.0,left,7.2,74.0,,8.6,3.0,5.0,0.5,41.0,15.0,423883757.0,59615.0,53.0,19.5,0.0,1.9,1.0,76.0,161.0,0.8,2182.0,99.0,6.6,100.0,1.04,20.0,84.0,90.0,12.2,3.9,12.0
86,Russia,5.785,Europe,Russian,Electoral Autocracies,True,True,RUB,144104080,17098242.0,right,6.9,73.0,,3.5,7.0,1230131.0,2.0,75.0,1.99,20.75,81990.0,60.0,49.8,8.6,2.3,10.0,92.0,169.0,8.2,6584.0,99.0,14.8,97.0,0.98,16.0,14.0,100.0,8.9,3.3,12.0
170,Bolivia,5.784,Americas,Aymara,Electoral Democracies,True,True,BOB,11673029,1098581.0,right,5.3,65.0,0.4,12.8,3.0,1117.0,1.2,71.0,43.87,-37147838.0,18544.0,76.0,46.5,30.9,2.5,8.0,73.0,100.0,2.0,733.0,89.0,7.0,94.0,0.99,46.0,161.0,96.0,23.1,13.5,21.0
177,Ecuador,5.725,Americas,Spanish,Electoral Democracies,True,True,USD,17643060,276841.0,right,4.7,78.0,0.4,18.9,14.0,62899.0,0.5,65.0,116.2,-383006349.0,31013.0,62.0,49.8,20.0,2.75,7.0,73.0,97.0,6.2,1369.0,95.0,16.1,96.0,1.02,43.0,66.0,100.0,9.7,7.7,20.0
85,Kyrgyzstan,5.714,Asia,Kyrgyz,Electoral Autocracies,True,True,KGS,6591600,199951.0,right,10.0,72.0,0.3,27.6,2.0,27790.0,0.7,38.0,13.79,-509461000.0,15134.0,63.0,7.0,6.7,2.4,19.0,80.0,130.0,22.7,1918.0,77.0,15.1,91.0,1.0,20.0,50.0,93.0,21.0,9.7,13.0
70,Montenegro,5.707,Europe,Montenegrin,Electoral Democracies,True,True,EUR,621718,13812.0,right,,76.0,,,2.0,,,,,,,,61.5,,,,88.0,,,,,,,,21.0,,,,,
208,Mongolia,5.696,Asia,Mongolian,Electoral Democracies,True,True,MNT,3278292,1564110.0,right,8.2,73.0,0.1,3.0,6.0,10.0,1.3,69.0,18.1,-2.17,41680.0,58.0,9.1,19.8,2.5,31.0,84.0,142.0,0.3,1991.0,54.0,19.0,84.0,1.0,17.0,39.0,95.0,10.0,9.9,21.0
48,Colombia,5.695,Americas,Spanish,Electoral Democracies,True,True,COP,50882884,1141748.0,right,3.2,74.0,0.5,29.7,27.0,1382.0,1.7,82.0,359.77,-15.97,40035.0,58.0,52.9,16.7,3.0,9.0,73.0,156.0,9.2,1324.0,94.0,14.8,98.0,1.01,29.0,75.0,97.0,,8.7,15.0
194,Venezuela,5.607,Americas,Spanish,Electoral Autocracies,True,True,VES,28435943,916445.0,right,4.3,71.0,0.5,33.7,19.0,29336.0,3.2,88.0,476.93,-27000000.0,,50.0,52.3,39.0,2.0,,62.0,63.0,8.2,2700.0,95.0,,93.0,1.02,22.0,259.0,101.0,0.0,5.0,39.0
9,Indonesia,5.568,Asia,Indonesian,Electoral Democracies,True,True,IDR,273523621,1904569.0,left,7.9,68.0,0.3,20.2,1.0,8450.0,0.5,59.0,1.34,-14.98,28577.0,65.0,48.0,5.3,3.0,9.0,69.0,115.0,0.8,1084.0,89.0,2.8,94.0,0.99,22.0,173.0,102.0,13.9,12.5,11.0
78,Bulgaria,5.463,Europe,Bulgarian,Electoral Democracies,True,True,BGN,6927288,110879.0,right,6.1,74.0,0.1,20.4,1.0,97618.0,1.1,77.0,97.4,-2.85,71237.0,54.0,36.1,33.1,3.0,12.0,80.0,117.0,25.8,4709.0,,22.5,99.0,0.98,24.0,7.0,96.0,10.6,2.5,9.0
167,Armenia,5.455,Asia,Armenian,Electoral Democracies,True,True,AMD,2963234,29743.0,right,9.2,73.0,0.3,9.1,2.0,150080.0,3.2,64.0,23.43,-526510467.0,44414.0,54.0,11.5,24.7,2.2,21.0,77.0,135.0,25.7,1896.0,98.0,0.7,100.0,1.02,36.0,27.0,93.0,9.7,8.5,20.0
16,South Africa,5.422,Africa,Afrikaans,Electoral Democracies,True,True,ZAR,59308690,1221037.0,left,2.4,61.0,17.8,9.7,42.0,67145.0,0.4,69.0,375.53,-6.25,46605.0,40.0,14.0,12.7,3.6,5.0,75.0,167.0,2.7,4119.0,89.0,1.8,94.0,1.01,46.0,127.0,92.0,18.6,2.6,22.0
22,North Macedonia,5.369,Europe,Macedonian,Electoral Democracies,True,True,MKD,2077132,25713.0,right,5.8,74.0,0.1,19.5,1.0,18898.0,2.0,59.0,14.96,-527928904.0,61593.0,46.0,39.7,15.4,2.8,5.0,84.0,98.0,5.5,3789.0,81.0,32.3,98.0,0.99,43.0,3.0,93.0,8.6,6.6,5.0
52,Algeria,5.364,Africa,Arabic,Electoral Autocracies,True,True,DZD,44700000,2381741.0,right,9.4,77.0,0.1,0.1,2.0,98590.0,2.7,75.0,244.04,-1.13,60159.0,36.0,0.8,4.4,3.0,1.0,71.0,109.0,0.0,1353.0,100.0,,95.0,0.99,8.0,78.0,100.0,13.3,13.1,21.0
144,Hong Kong,5.316,Asia,English,,False,False,HKD,7500700,1104.0,left,,84.0,,0.4,0.0,301.0,,100.0,415.0,-8.4,129600.0,56.0,,48.9,4.0,72.0,96.0,292.0,0.1,6083.0,,,100.0,1.02,,,86.0,14.9,0.0,
188,Albania,5.304,Europe,Albanian,Electoral Democracies,True,True,ALL,2837743,28748.0,right,8.4,77.0,0.1,41.9,2.0,5079.0,0.6,65.0,23.25,-1.36,39888.0,54.0,28.8,14.2,2.8,0.0,83.0,98.0,24.5,2309.0,85.0,19.7,95.0,1.03,36.0,8.0,95.0,9.8,16.2,12.0
178,Tajikistan,5.281,Asia,Russian,Electoral Autocracies,True,True,TJS,9537642,143100.0,right,7.4,71.0,0.2,34.9,1.0,10092.0,0.7,28.0,15.14,-100542667.0,19312.0,36.0,3.1,22.3,2.5,2.0,36.0,119.0,37.5,1469.0,86.0,15.1,82.0,0.93,27.0,17.0,90.0,21.4,22.9,16.0
211,Republic of the Congo,5.221,Africa,French,Electoral Autocracies,True,True,XAF,5657000,342000.0,right,,63.0,,,,,,,,,,,64.2,,,,36.0,,,,,,,,15.0,,,,,
148,Mozambique,5.216,Africa,Portuguese,Electoral Autocracies,True,True,MZN,31255435,801590.0,left,4.6,60.0,11.6,76.9,4.0,5152.0,0.1,39.0,19.12,-2.51,3591.0,76.0,46.1,18.0,3.06,3.0,21.0,42.0,9.2,488.0,6.0,0.2,63.0,0.94,43.0,127.0,58.0,18.8,25.9,30.0
59,Georgia,5.185,Asia,Georgian,Electoral Democracies,True,True,GEL,3714000,69700.0,right,7.0,72.0,0.3,25.2,2.0,26019.0,1.4,61.0,28.39,-1.61,51270.0,56.0,40.6,8.5,2.7,4.0,82.0,156.0,15.7,2694.0,92.0,14.9,95.0,1.01,18.0,28.0,107.0,12.2,6.0,12.0
82,Iraq,5.166,Asia,Arabic,Electoral Autocracies,True,True,IQD,40222503,438317.0,right,8.8,71.0,0.1,1.1,9.0,286480.0,4.5,72.0,251.82,5.65,57989.0,35.0,1.9,1.5,2.5,,79.0,98.0,0.3,1251.0,99.0,0.0,98.0,0.81,29.0,76.0,63.0,,2.8,27.0
57,Nepal,5.158,Asia,Nepali,Electoral Democracies,True,True,NPR,29136808,147181.0,left,8.7,70.0,0.1,73.7,2.0,19582.0,1.4,22.0,41.39,-74821496.0,19166.0,36.0,41.6,23.6,2.36,1.0,50.0,127.0,5.2,142.0,40.0,,91.0,0.95,33.0,174.0,115.0,12.8,21.2,16.0
12,Laos,5.139,Asia,Lao,Closed Autocracies,True,True,LAK,7275556,236800.0,right,7.0,69.0,0.4,49.2,,,4.1,38.0,14.69,-1.78,18493.0,65.0,71.6,18.7,2.3,7.0,66.0,65.0,,,10.0,,85.0,0.96,22.0,126.0,90.0,9.8,16.1,18.0
20,Gabon,5.106,Africa,French,Closed Autocracies,True,True,XAF,2225728,267668.0,right,6.0,66.0,2.9,91.3,,204.0,1.0,91.0,18.42,-25253212.0,72206.0,41.0,91.2,25.1,2.6,2.0,74.0,125.0,1.2,1112.0,91.0,1.6,87.0,1.02,24.0,227.0,82.0,13.6,6.5,24.0
5,Ivory Coast,5.08,Africa,French,Electoral Autocracies,True,True,XOF,26378275,322463.0,right,7.6,59.0,1.8,58.2,,2370.0,0.2,53.0,75.7,-1.43,16930.0,65.0,8.2,14.9,3.21,4.0,38.0,174.0,0.8,254.0,43.0,,73.0,0.92,14.0,480.0,80.0,15.9,14.4,24.0
125,Guinea,5.023,Africa,French,Closed Autocracies,True,True,GNF,13132792,245857.0,right,8.5,59.0,1.4,66.6,,2191.0,0.3,38.0,20.27,-1.29,13564.0,50.0,24.9,26.1,2.2,1.0,34.0,102.0,,,1.0,,71.0,0.8,30.0,553.0,63.0,10.0,29.1,30.0
35,Turkey,4.975,Asia,Turkish,Electoral Autocracies,True,True,TRY,84339067,783562.0,right,5.2,78.0,,12.0,3.0,3251127.0,1.6,77.0,1.11,-4.99,90714.0,48.0,29.3,5.7,3.4,5.0,86.0,106.0,6.7,2849.0,95.0,20.4,97.0,0.98,20.0,17.0,102.0,8.8,6.2,7.0
29,Senegal,4.969,Africa,French,Electoral Democracies,True,True,XOF,16743930,196722.0,right,7.3,68.0,0.3,35.4,0.0,11856.0,0.4,50.0,29.82,-2.54,14391.0,49.0,41.5,15.5,2.36,2.0,60.0,120.0,0.6,230.0,32.0,3.6,86.0,1.18,46.0,261.0,61.0,22.5,17.4,24.0
187,Iran,4.923,Asia,Persian (Farsi),Closed Autocracies,True,True,IRR,83992953,1648195.0,right,7.2,75.0,0.1,0.9,2.0,3764517.0,2.4,77.0,404.15,-39000000.0,55920.0,37.0,6.6,7.7,2.4,0.0,82.0,165.0,0.9,2872.0,96.0,18.7,98.0,1.03,6.0,22.0,98.0,18.8,12.8,22.0
43,Azerbaijan,4.893,Asia,Azerbaijani,Electoral Autocracies,True,True,AZN,10110116,86600.0,right,10.8,73.0,0.1,1.3,2.0,5771.0,1.6,58.0,69.28,1.62,45667.0,60.0,14.0,5.5,2.57,4.0,88.0,107.0,0.6,2202.0,99.0,10.3,98.0,0.99,19.0,41.0,96.0,10.8,5.5,7.0
181,Nigeria,4.881,Africa,English,Electoral Autocracies,True,True,NGN,206139587,923768.0,right,7.1,54.0,,80.3,22.0,69940.0,0.2,54.0,352.91,-1.62,11934.0,80.0,23.4,11.6,2.5,4.0,35.0,102.0,0.3,137.0,26.0,,80.0,0.97,4.0,1047.0,73.0,4.4,22.7,21.0
31,Palestine,4.879,Asia,Arabic,,False,False,EGP,4803269,6220.0,right,7.3,73.0,,15.4,1.0,2482144.0,0.0,78.0,20.66,-100376299.0,27596.0,34.0,1.7,8.4,,1.0,87.0,78.0,,,,,98.0,1.05,,20.0,91.0,,5.7,5.0
124,Cameroon,4.874,Africa,English,Electoral Autocracies,True,True,XAF,26545864,475442.0,right,5.4,61.0,2.6,79.2,5.0,485285.0,0.3,59.0,48.34,-898335371.0,13221.0,63.0,42.8,11.0,2.2,2.0,44.0,83.0,4.6,283.0,29.0,1.6,70.0,0.89,34.0,438.0,71.0,13.1,17.3,30.0
74,Ukraine,4.873,Europe,Ukrainian,Electoral Autocracies,True,True,UAH,44134693,603500.0,right,10.0,69.0,,8.9,4.0,2512.0,1.4,70.0,183.76,-4.68,40308.0,49.0,16.7,12.3,2.8,7.0,79.0,135.0,22.5,3366.0,95.0,19.4,94.0,1.0,20.0,17.0,89.0,8.5,7.4,10.0
76,Namibia,4.832,Africa,Afrikaans,Electoral Democracies,True,True,NAD,2540916,825615.0,left,2.8,58.0,11.0,30.0,12.0,5157.0,1.6,55.0,11.78,-2.6,33746.0,48.0,7.9,23.2,3.0,0.0,62.0,113.0,17.8,1625.0,47.0,0.8,86.0,1.01,44.0,215.0,100.0,25.0,7.7,35.0
51,Morocco,4.795,Africa,Arabic,Closed Autocracies,True,True,MAD,36910558,446550.0,right,,75.0,,,2.0,,,,,,,,12.9,,,,90.0,,,,,,,,24.0,,,,,
60,Pakistan,4.657,Asia,English,Electoral Autocracies,True,True,PKR,220892331,881912.0,left,9.6,66.0,0.2,41.6,4.0,1988231.0,1.3,38.0,332.15,-2.02,17372.0,50.0,4.7,9.8,2.63,2.0,33.0,82.0,4.0,408.0,53.0,,91.0,0.88,20.0,154.0,68.0,8.3,23.3,13.0
41,Niger,4.556,Africa,French,Closed Autocracies,True,True,XOF,24206636,1267000.0,right,8.7,62.0,0.2,79.6,4.0,269996.0,0.1,17.0,16.18,-957256455.0,4433.0,72.0,0.8,18.2,2.0,9.0,17.0,56.0,0.0,51.0,6.0,,49.0,0.84,26.0,441.0,48.0,12.8,47.8,26.0
155,Burkina Faso,4.548,Africa,French,Closed Autocracies,True,True,XOF,20903278,272967.0,right,7.3,60.0,0.6,71.4,1.0,37735.0,0.2,33.0,19.48,-646208346.0,9604.0,45.0,22.4,16.4,2.4,4.0,20.0,112.0,,,17.0,,50.0,1.04,17.0,264.0,52.0,20.3,16.3,31.0
160,Mauritania,4.505,Africa,Arabic,Electoral Autocracies,True,True,MRU,4649660,1030700.0,right,,65.0,,,1.0,,,,,,,,0.3,,,,44.0,,,,,,,,23.0,,,,,
180,Gambia,4.485,Africa,English,Electoral Democracies,True,True,GMD,2416664,10689.0,right,6.6,63.0,1.4,47.7,,3809.0,0.6,64.0,2.37,-208372222.0,11126.0,44.0,22.8,2.9,2.6,2.0,54.0,101.0,,,2.0,,86.0,1.15,9.0,458.0,76.0,17.5,23.2,30.0
205,Chad,4.471,Africa,Arabic,Closed Autocracies,True,True,XAF,16425859,1284000.0,right,6.9,53.0,1.0,70.0,,1100921.0,0.8,24.0,12.96,,5272.0,60.0,3.2,21.0,2.37,,12.0,68.0,,,10.0,,52.0,0.75,26.0,1063.0,44.0,16.5,25.1,32.0
135,Kenya,4.47,Africa,English,Electoral Democracies,True,True,KES,53771300,580367.0,left,,62.0,,,5.0,,,,,,,,6.3,,,,41.0,,,,,,,,23.0,,,,,
6,Tunisia,4.422,Africa,Arabic,Electoral Autocracies,True,True,TND,11818618,163610.0,right,7.7,74.0,0.1,11.6,5.0,3994.0,1.1,71.0,47.22,-739528918.0,42743.0,39.0,4.5,5.2,2.5,8.0,74.0,129.0,0.8,1427.0,100.0,25.5,97.0,1.07,16.0,37.0,97.0,18.1,9.5,17.0
8,Benin,4.377,Africa,French,Electoral Autocracies,True,True,XOF,12123198,112622.0,right,7.6,60.0,0.8,54.5,1.0,2825.0,0.2,50.0,19.47,-329419204.0,8606.0,74.0,26.9,23.5,2.9,4.0,34.0,109.0,0.0,93.0,6.0,,67.0,0.9,27.0,523.0,65.0,19.0,25.4,27.0
13,Uganda,4.372,Africa,English,Electoral Autocracies,True,True,UGX,45741000,241550.0,left,6.1,64.0,5.1,90.9,9.0,1577498.0,0.2,27.0,47.8,-2.99,6337.0,79.0,11.2,16.1,2.76,2.0,10.0,70.0,,,1.0,,59.0,1.0,34.0,284.0,53.0,8.6,24.1,29.0
192,Myanmar,4.354,Asia,Burmese,Closed Autocracies,True,True,MMK,54409794,676578.0,right,8.9,67.0,0.9,62.9,28.0,,1.9,32.0,65.51,-1.74,13270.0,54.0,42.8,3.9,2.2,3.0,44.0,107.0,3.1,222.0,51.0,0.8,82.0,1.01,15.0,179.0,104.0,9.8,22.7,20.0
81,Cambodia,4.341,Asia,Khmer,Electoral Autocracies,True,True,KHR,16718971,181035.0,right,,70.0,0.5,52.4,2.0,24.0,2.0,26.0,41.38,-3.81,11995.0,80.0,43.9,31.8,2.3,7.0,57.0,116.0,3.3,269.0,54.0,,78.0,1.04,14.0,218.0,90.0,15.7,17.1,20.0
204,Ghana,4.289,Africa,English,Electoral Democracies,True,True,GHS,31072945,238533.0,right,4.7,64.0,1.7,39.0,2.0,7057.0,0.1,59.0,75.42,-1.31,17323.0,61.0,35.2,7.7,2.4,2.0,70.0,120.0,5.9,341.0,31.0,0.6,88.0,1.01,15.0,263.0,92.0,12.0,21.1,26.0
195,Liberia,4.269,Africa,English,Electoral Democracies,True,True,LRD,5057677,111369.0,right,7.2,61.0,1.0,92.8,3.0,1164.0,0.1,54.0,3.97,-960192469.0,3613.0,75.0,78.5,1.2,2.8,1.0,30.0,32.0,,,1.0,,76.0,0.99,11.0,652.0,58.0,7.4,35.8,39.0
166,Mali,4.232,Africa,French,Closed Autocracies,True,True,XOF,20250834,1240192.0,right,7.6,59.0,0.9,71.1,,66443.0,0.5,46.0,19.7,-671836205.0,6655.0,67.0,10.9,7.5,2.6,5.0,33.0,114.0,,,1.0,,84.0,0.9,29.0,440.0,50.0,19.1,35.1,23.0
67,Madagascar,4.228,Africa,French,Electoral Autocracies,True,True,MGA,27691019,587041.0,right,5.8,65.0,0.4,83.1,,49.0,0.2,41.0,15.44,-325831201.0,3298.0,82.0,21.3,3.1,2.9,0.0,21.0,70.0,,,2.0,5.0,53.0,1.02,19.0,392.0,60.0,18.0,22.6,29.0
133,Togo,4.214,Africa,French,Electoral Autocracies,True,True,XOF,8278737,56785.0,right,,62.0,,,,,,,,,,,22.1,,,,38.0,,,,,,,,20.0,,,,,
159,Jordan,4.186,Asia,Arabic,Closed Autocracies,True,True,JOD,10203140,89342.0,right,8.2,74.0,0.1,11.5,1.0,3063591.0,4.0,92.0,50.46,-778591549.0,43062.0,32.0,1.1,4.5,2.44,2.0,91.0,68.0,1.9,1892.0,100.0,0.1,99.0,1.0,12.0,41.0,97.0,9.7,4.8,17.0
68,India,4.054,Asia,English,Electoral Autocracies,True,True,INR,1380004385,3287590.0,left,8.0,68.0,0.2,34.9,3.0,252867.0,0.6,36.0,3.52,-14.2,23340.0,52.0,24.4,4.4,3.5,15.0,43.0,81.0,2.7,794.0,75.0,0.1,93.0,0.99,15.0,103.0,93.0,14.2,16.0,16.0
28,Egypt,3.977,Africa,Arabic,Electoral Autocracies,True,True,EGP,102334403,1002450.0,right,9.0,70.0,0.1,6.1,1.0,240507.0,2.8,43.0,378.68,-9.45,62256.0,40.0,0.0,11.6,3.2,3.0,72.0,93.0,1.5,1561.0,100.0,,99.0,1.0,28.0,17.0,97.0,12.0,11.6,10.0
30,Sri Lanka,3.898,Asia,Sinhala,Electoral Democracies,True,True,LKR,21919000,65610.0,left,7.4,77.0,0.1,48.8,3.0,377.0,3.7,19.0,81.62,-677892710.0,35826.0,47.0,34.1,3.4,2.8,1.0,50.0,143.0,3.4,531.0,36.0,1.2,89.0,1.02,5.0,29.0,96.0,8.7,8.3,20.0
32,Bangladesh,3.886,Asia,Bengali,Electoral Autocracies,True,True,BDT,164689383,147570.0,left,8.2,74.0,0.1,25.0,2.0,971984.0,0.3,40.0,454.87,-1.39,19505.0,59.0,14.5,4.9,2.6,0.0,45.0,105.0,0.2,313.0,28.0,,98.0,1.14,21.0,123.0,108.0,10.7,11.0,15.0
94,Ethiopia,3.861,Africa,Amharic,Electoral Autocracies,True,True,ETB,114963583,1104300.0,right,7.3,66.0,0.8,90.6,9.0,979846.0,0.3,23.0,163.28,-3.26,6941.0,65.0,15.0,17.0,2.56,4.0,19.0,56.0,1.2,67.0,9.0,,52.0,0.92,41.0,267.0,56.0,23.0,35.8,28.0
157,Tanzania,3.781,Africa,English,Electoral Autocracies,True,True,TZS,59734213,945087.0,left,6.9,67.0,4.3,78.3,4.0,188953.0,0.1,37.0,77.55,-1.63,7511.0,82.0,50.6,31.2,2.98,5.0,32.0,92.0,0.7,103.0,9.0,,61.0,1.04,37.0,238.0,86.0,13.7,23.7,31.0
200,Comoros,3.566,Africa,Arabic,Electoral Autocracies,True,True,KMF,869595,1862.0,right,4.5,64.0,0.1,39.3,,10.0,,30.0,1.36,-5352755.0,11517.0,49.0,17.2,0.7,2.49,0.0,27.0,100.0,,,10.0,,80.0,1.02,17.0,217.0,81.0,10.5,37.2,27.0
24,Yemen,3.561,Asia,Arabic,Closed Autocracies,True,True,YER,29825968,527968.0,right,7.3,64.0,0.1,3.7,6.0,55568.0,0.6,40.0,21.0,15444808.0,,27.0,1.0,0.6,1.7,5.0,18.0,46.0,0.0,188.0,48.0,,62.0,0.82,0.0,183.0,66.0,12.5,28.7,29.0
39,Zambia,3.502,Africa,English,Electoral Democracies,True,True,ZMW,18383956,752612.0,left,3.9,62.0,10.8,83.0,5.0,72411.0,0.2,46.0,26.27,31089480.0,11319.0,56.0,59.8,41.3,3.05,1.0,31.0,99.0,9.7,695.0,9.0,0.0,68.0,,15.0,135.0,83.0,13.9,2.2,21.0
71,Eswatini,3.502,Africa,English,Closed Autocracies,True,True,SZL,1160164,17364.0,left,3.7,56.0,25.9,64.7,13.0,1202.0,,25.0,4.13,-50785645.0,49648.0,31.0,29.1,4.3,,0.0,58.0,122.0,,,49.0,,73.0,0.94,17.0,240.0,90.0,16.6,7.1,34.0
91,Malawi,3.421,Africa,English,Electoral Democracies,True,True,MWK,19129955,118484.0,left,7.0,63.0,7.1,62.9,2.0,35201.0,0.2,18.0,12.35,-134063523.0,4395.0,64.0,22.9,22.9,2.55,5.0,18.0,60.0,,,1.0,,72.0,0.99,21.0,381.0,68.0,15.8,30.4,33.0
62,Botswana,3.383,Africa,English,Electoral Democracies,True,True,BWP,2351625,582000.0,left,3.9,66.0,16.4,27.4,11.0,761.0,0.9,73.0,19.44,-655929875.0,53199.0,52.0,26.5,29.1,3.0,1.0,77.0,165.0,0.0,1746.0,66.0,,93.0,1.02,11.0,186.0,91.0,21.5,1.6,26.0
206,Zimbabwe,3.341,Africa,Chibarwe,Electoral Autocracies,True,True,ZWL,14862927,390757.0,left,6.0,59.0,11.0,82.4,6.0,10114.0,0.9,33.0,34.8,-557873000.0,9892.0,59.0,44.9,27.2,2.5,2.0,33.0,88.0,3.3,583.0,31.0,2.8,62.0,0.97,31.0,357.0,86.0,15.7,4.1,41.0
128,DR Congo,3.295,Africa,French,Electoral Autocracies,True,True,CDF,108407721,2344858.0,right,,60.0,,,,,,,,,,,54.7,,,,27.0,,,,,,,,13.0,,,,,
2,Sierra Leone,3.245,Africa,English,Electoral Autocracies,True,True,SLL,7976985,71740.0,right,7.9,60.0,1.4,71.6,2.0,345.0,0.4,44.0,6.36,-201800561.0,9476.0,52.0,34.6,5.1,2.18,1.0,30.0,98.0,,,1.0,,65.0,1.01,28.0,443.0,97.0,29.4,29.1,33.0
100,Lesotho,3.186,Africa,English,Electoral Democracies,True,True,LSL,2142252,30355.0,left,4.6,53.0,19.3,34.9,38.0,319.0,0.2,30.0,2.58,25647817.0,8218.0,49.0,1.1,0.5,2.21,0.0,47.0,68.0,,,42.0,0.0,74.0,1.04,26.0,566.0,71.0,11.3,6.6,32.0
63,Lebanon,2.707,Asia,Arabic,Electoral Autocracies,True,True,LBP,6825442,10452.0,right,7.9,74.0,0.1,6.8,2.0,1279108.0,4.3,89.0,20.16,-582765209.0,38899.0,41.0,14.1,0.8,2.8,4.0,90.0,77.0,0.5,2554.0,,1.3,93.0,,6.0,21.0,68.0,9.9,1.2,16.0
36,Afghanistan,1.721,Asia,Dari,Closed Autocracies,True,True,AFN,40218234,652230.0,right,,63.0,0.1,20.0,4.0,34826.0,1.8,27.0,17.32,24258330.0,10831.0,32.0,1.9,3.6,1.8,0.0,18.0,57.0,,,36.0,0.6,82.0,0.64,27.0,620.0,86.0,8.2,34.5,16.0
0,Grenada,,Americas,English,,True,True,XCD,112519,344.0,left,5.5,75.0,,10.0,4.0,5.0,,37.0,1.23,-151062464.0,,,52.1,0.2,2.6,3.0,80.0,81.0,,,85.0,,96.0,1.0,31.0,21.0,86.0,14.4,3.3,8.0
4,Barbados,,Americas,English,Liberal Democracies,True,True,BBD,287371,430.0,left,,78.0,1.0,5.5,11.0,5.0,0.7,31.0,6.45,-207827190.0,39911.0,58.0,14.7,0.0,,18.0,76.0,115.0,,,100.0,0.0,99.0,1.0,27.0,39.0,97.0,12.5,1.9,8.0
10,Cape Verde,,Africa,Portuguese,Electoral Democracies,True,True,CVE,555988,4033.0,right,5.7,75.0,0.9,21.8,6.0,,0.5,68.0,2.5,-151262678.0,24917.0,51.0,11.5,0.0,,1.0,72.0,99.0,,,83.0,0.2,90.0,1.01,42.0,42.0,88.0,14.7,4.6,27.0
11,Saint Kitts and Nevis,,Americas,English,,True,True,XCD,53192,261.0,left,,72.0,,1.5,29.0,19.0,,31.0,1.03,-33605218.0,,,42.3,4.5,,35.0,76.0,119.0,,,100.0,,99.0,0.97,31.0,,131.0,11.0,1.4,
14,Andorra,,Europe,Catalan,,True,True,EUR,77265,468.0,right,,,,18.7,3.0,,,88.0,3.72,-540316792.0,,,34.0,26.9,,21.0,94.0,142.0,,,100.0,,100.0,,50.0,,69.0,12.8,0.5,8.0
15,Burundi,,Africa,French,Electoral Autocracies,True,True,BIF,11890781,27834.0,right,7.1,62.0,0.9,83.0,6.0,85229.0,0.6,15.0,2.65,-32957888.0,1940.0,78.0,10.9,7.6,2.21,1.0,11.0,58.0,,,0.0,,62.0,1.06,38.0,494.0,49.0,15.7,25.2,36.0
21,Northern Mariana Islands,,Oceania,Carolinian,,False,False,USD,57557,464.0,right,,,,0.5,,,,92.0,,,,,53.0,33.1,,,,28.0,,,,,100.0,,,,,,,
25,Solomon Islands,,Oceania,English,Electoral Democracies,True,True,SBD,686878,28896.0,left,7.0,71.0,,50.1,4.0,5.0,,26.0,1.66,-72472772.0,4867.0,83.0,90.1,0.2,2.9,1.0,45.0,67.0,,,9.0,,67.0,0.97,8.0,122.0,72.0,25.9,33.8,17.0
26,Faroe Islands,,Europe,Danish,,False,False,DKK,48865,1393.0,right,,83.0,,7.9,,,,43.0,3.94,,,,0.1,0.0,,1.0,98.0,112.0,,,,,100.0,,,,,,18.2,
37,Aruba,,Americas,Dutch,,False,False,AWG,106766,180.0,right,,75.0,,8.8,2.0,,,44.0,3.33,-124694278.0,,,2.3,0.1,,7.0,97.0,132.0,,,,,98.0,1.02,,,95.0,19.4,0.0,
42,Guinea-Bissau,,Africa,Portuguese,Electoral Autocracies,True,False,XOF,1967998,36125.0,right,7.9,60.0,2.4,87.4,1.0,24.0,0.5,45.0,2.05,-21122878.0,6944.0,61.0,69.8,13.4,2.9,6.0,32.0,126.0,,,1.0,,62.0,0.64,10.0,725.0,63.0,16.2,30.7,32.0
44,Djibouti,,Africa,Arabic,Electoral Autocracies,True,True,DJF,988002,23200.0,right,,63.0,,,,,,,,,,,0.3,,,,65.0,,,,,,,,26.0,,,,,
45,North Korea,,Asia,Korean,Closed Autocracies,True,True,KPW,25778815,120538.0,right,,74.0,,14.7,,,8.6,63.0,,,,80.0,49.7,1.3,,,0.0,23.0,7.0,592.0,14.0,,94.0,,18.0,107.0,99.0,15.1,,24.0
47,United States Virgin Islands,,Americas,English,,False,False,USD,106290,347.0,right,,80.0,,5.9,50.0,,,96.0,,,117998.0,48.0,57.7,1.0,,,64.0,80.0,,,,,99.0,,,,,,,
54,Sudan,,Africa,Arabic,Closed Autocracies,True,True,SDG,43849269,1886068.0,right,7.8,66.0,0.1,61.0,5.0,922474.0,1.3,36.0,108.3,-573504495.0,15277.0,35.0,9.6,2.8,2.4,2.0,29.0,74.0,4.4,251.0,66.0,,65.0,0.96,31.0,270.0,67.0,10.8,5.5,27.0
55,Fiji,,Oceania,English,Electoral Democracies,True,True,FJD,896444,18272.0,left,,68.0,,,2.0,,,,,,,,63.1,,,,85.0,,,,,,,,11.0,,,,,
56,Liechtenstein,,Europe,German,,True,True,CHF,38137,160.0,right,,84.0,,56.9,5.0,597.0,,15.0,7.1,,,,41.9,42.6,,,97.0,126.0,,,,,100.0,0.9,28.0,,89.0,,0.2,
58,Puerto Rico,,Americas,English,,False,False,USD,3194034,8870.0,right,,80.0,,2.5,17.0,,,94.0,81.55,,127135.0,38.0,56.1,2.1,,,87.0,120.0,,,,,100.0,1.05,,34.0,69.0,,0.7,
61,Monaco,,Europe,French,,True,True,EUR,39244,2.02,right,,,,,0.0,17.0,,100.0,,,,,0.0,99.2,,,98.0,107.0,,,100.0,,100.0,,46.0,,150.0,7.7,,0.0
64,Papua New Guinea,,Oceania,English,Electoral Autocracies,True,True,PGK,8947027,462840.0,left,5.1,66.0,1.0,54.6,9.0,10523.0,0.1,14.0,28.82,240725089.0,12464.0,51.0,79.0,0.7,2.6,40.0,27.0,48.0,,,10.0,0.2,50.0,0.89,3.0,192.0,74.0,3.9,17.0,13.0
66,Qatar,,Asia,Arabic,Closed Autocracies,True,True,QAR,2881060,11586.0,right,6.5,82.0,0.1,0.0,0.0,197.0,1.1,99.0,206.93,282692308.0,156591.0,87.0,0.0,5.8,3.1,3.0,100.0,174.0,0.0,16894.0,100.0,,100.0,1.0,4.0,8.0,95.0,9.3,0.3,7.0
69,Syria,,Asia,Arabic,Closed Autocracies,True,True,SYP,17500657,185180.0,right,9.2,72.0,0.1,1.1,2.0,595953.0,5.2,57.0,22.82,-1.47,19853.0,33.0,2.8,0.7,2.3,1.0,36.0,80.0,1.4,899.0,91.0,,94.0,0.98,11.0,30.0,62.0,19.2,43.1,15.0
75,Isle of Man,,Europe,English,,False,False,GBP,85032,572.0,left,,81.0,,2.7,0.0,,,53.0,6.83,,,,6.1,77.5,,,,,,,,,100.0,,,,,,0.3,
79,Greenland,,Americas,Greenlandic,,False,False,DKK,56367,2166086.0,right,,72.0,,11.7,5.0,,,88.0,2.04,,,,0.0,22.4,,2.0,69.0,118.0,,,,,100.0,,,,,,17.5,
84,Cuba,,Americas,Spanish,Closed Autocracies,True,True,CUC,11326616,109884.0,right,,78.0,0.6,20.9,4.0,136.0,1.6,78.0,101.87,,,52.0,31.2,6.7,2.1,11.0,73.0,68.0,0.1,1454.0,95.0,,95.0,1.0,56.0,39.0,93.0,17.0,0.8,9.0
88,São Tomé and Príncipe,,Africa,Portuguese,Electoral Democracies,True,True,STN,219161,964.0,right,,69.0,,,3.0,,,,,,,,52.8,,,,57.0,,,,,,,,15.0,,,,,
97,Oman,,Asia,Arabic,Closed Autocracies,True,True,OMR,5106622,309500.0,right,,74.0,0.1,0.1,0.0,300.0,2.1,88.0,103.59,-12.09,78026.0,66.0,0.0,1.5,3.4,5.0,95.0,135.0,0.0,6486.0,100.0,,92.0,0.96,0.0,17.0,94.0,14.2,2.3,11.0
98,Macau,,Asia,Portuguese,,False,False,MOP,649342,30.0,left,,85.0,,11.0,0.0,6.0,,100.0,29.76,-450857367.0,192411.0,64.0,,,,0.0,90.0,175.0,,,,1.1,100.0,0.99,,,90.0,10.1,,
99,San Marino,,Europe,Italian,,True,True,EUR,33938,61.0,right,,,,,0.0,,,98.0,1.67,-20281752.0,,,16.7,,,,85.0,122.0,,,100.0,26.7,100.0,0.97,33.0,,96.0,7.5,0.0,0.0
101,Marshall Islands,,Oceania,English,,True,True,USD,59194,181.0,right,,65.0,,,,,,,,,,,52.2,,,,73.0,,,,,,,,12.0,,,,,
102,Sint Maarten,,Americas,English,,False,False,ANG,40812,34.0,right,,74.0,,,,,,,,,,,10.9,,,,,,,,,,,,,,,,,
106,Turks and Caicos Islands,,Americas,English,,False,False,USD,38718,948.0,left,,75.0,,0.8,6.0,7.0,,94.0,1.34,-93769000.0,,,11.1,0.4,,2.0,,110.0,,,,,99.0,1.02,,,111.0,9.3,0.4,
107,Nauru,,Oceania,English,,True,True,AUD,10834,21.0,left,8.0,64.0,,1.9,,45.0,,100.0,262445000.0,3108817.0,,,0.0,0.0,,,83.0,80.0,,,100.0,,97.0,1.01,11.0,,111.0,9.6,,
108,Dominica,,Americas,English,,True,True,XCD,71991,751.0,left,,73.0,,,14.0,,,,,,,,63.8,,,,83.0,,,,,,,,38.0,,,,,
112,Haiti,,Americas,French,Closed Autocracies,True,True,HTG,11402533,27750.0,right,5.5,64.0,1.7,76.7,13.0,5.0,0.0,60.0,19.86,-23647920.0,7744.0,56.0,12.4,2.8,2.3,,39.0,64.0,0.1,40.0,5.0,,67.0,,3.0,350.0,,11.2,18.2,19.0
113,Tuvalu,,Oceania,English,,True,True,AUD,11792,26.0,left,,65.0,,,0.0,,,,,,,,33.3,,,,81.0,,,,,,,,6.0,,,,,
115,Equatorial Guinea,,Africa,French,Electoral Autocracies,True,True,XAF,1402985,28051.0,right,,61.0,6.7,4.2,,,0.2,74.0,8.68,,45250.0,55.0,86.7,1.8,2.88,,67.0,53.0,,,22.0,,65.0,0.91,31.0,212.0,39.0,,3.1,27.0
116,Saint Lucia,,Americas,English,,True,True,XCD,183629,616.0,left,5.5,71.0,,9.7,39.0,5.0,,19.0,2.21,-141567341.0,46278.0,62.0,34.0,0.9,,9.0,74.0,96.0,,,93.0,,97.0,1.01,11.0,73.0,90.0,16.3,1.1,30.0
117,French Polynesia,,Oceania,French,,False,False,XPF,280904,4167.0,right,,84.0,,7.0,0.0,,,62.0,4.31,-37316039.0,,47.0,43.1,0.0,,1.0,73.0,107.0,,,,,100.0,,,,,,2.3,
118,Belarus,,Europe,Belarusian,Electoral Autocracies,True,True,BYN,9398861,207600.0,right,10.3,73.0,0.4,8.2,2.0,39981.0,3.2,81.0,69.35,-1.93,54261.0,61.0,43.3,13.8,2.6,6.0,92.0,123.0,0.1,3690.0,100.0,34.1,99.0,0.99,40.0,1.0,93.0,12.8,7.3,8.0
120,Palau,,Oceania,English,,True,True,USD,18092,459.0,right,,69.0,,0.9,11.0,11.0,,82.0,266049063.0,-72014000.0,,,90.4,100.0,,52.0,27.0,133.0,,,29.0,,100.0,1.04,6.0,,91.0,9.5,3.0,5.0
122,Gibraltar,,Europe,English,,False,False,GIP,33691,6.0,right,,83.0,,0.0,3.0,,,100.0,,,,,0.0,0.0,,,94.0,112.0,0.0,5851.0,,,100.0,1.0,,,137.0,8.8,,
127,Suriname,,Americas,Dutch,Liberal Democracies,True,True,SRD,586634,163820.0,left,5.9,70.0,1.6,14.5,6.0,24.0,0.8,66.0,3.14,63478742.0,51381.0,50.0,94.5,8.5,,3.0,76.0,150.0,15.2,3459.0,96.0,,98.0,1.09,29.0,96.0,77.0,7.5,7.5,15.0
129,Somalia,,Africa,Arabic,Closed Autocracies,True,True,SOS,15893219,637657.0,right,,56.0,,95.4,,17770.0,0.5,48.0,10.92,,9572.0,27.0,9.3,0.0,2.4,,28.0,50.0,,,5.0,,58.0,0.54,20.0,621.0,,4.2,,27.0
131,New Caledonia,,Oceania,French,,False,False,XPF,271960,18575.0,right,,81.0,,,3.0,,,,,,,,45.8,,,,82.0,,,,,,,,,,,,,
132,Vanuatu,,Oceania,Bislama,Electoral Democracies,True,True,VUV,307150,12189.0,right,7.6,70.0,,25.0,0.0,5.0,,26.0,1.28,-9205107.0,9118.0,56.0,36.3,0.1,,,70.0,78.0,,,6.0,,91.0,1.03,2.0,94.0,107.0,20.9,21.2,15.0
134,British Virgin Islands,,Americas,English,,False,False,USD,30237,151.0,left,,76.0,,,8.0,,,,,,,,24.1,,,,78.0,,,,,,,,,,,,,
136,Rwanda,,Africa,English,Electoral Autocracies,True,True,RWF,12952209,26338.0,right,6.0,67.0,2.3,79.9,4.0,115643.0,0.7,18.0,13.82,-459166412.0,8807.0,56.0,11.3,9.1,2.4,5.0,34.0,80.0,,,8.0,8.4,65.0,1.02,61.0,259.0,59.0,14.8,27.1,29.0
139,Trinidad and Tobago,,Americas,English,Electoral Democracies,True,True,TTD,1399491,5130.0,left,,75.0,1.0,0.5,29.0,3205.0,0.8,53.0,27.88,2.09,69422.0,56.0,44.3,2.0,2.5,0.0,80.0,131.0,0.0,7183.0,100.0,12.2,99.0,1.01,29.0,27.0,85.0,9.2,1.1,9.0
140,Guyana,,Americas,English,Electoral Democracies,True,True,GYD,786559,214969.0,left,,66.0,1.5,12.1,16.0,27.0,1.0,27.0,10.42,-437345895.0,159153.0,44.0,93.5,5.2,2.1,16.0,85.0,106.0,,,100.0,,96.0,1.0,37.0,112.0,106.0,16.2,10.0,22.0
141,Timor-Leste,,Asia,Portuguese,Electoral Democracies,True,True,USD,1318442,14874.0,left,,69.0,,,4.0,,,,,,,,61.8,,,,41.0,,,,,,,,37.0,,,,,
146,Antigua and Barbuda,,Americas,English,,True,True,XCD,97928,442.0,left,,79.0,,0.9,17.0,5.0,,24.0,1.94,-293118845.0,,,18.2,0.4,2.9,0.0,91.0,197.0,,,100.0,,98.0,0.98,6.0,21.0,105.0,9.8,1.9,0.0
147,Turkmenistan,,Asia,Russian,Closed Autocracies,True,True,TMT,6031187,488100.0,right,,69.0,,0.1,1.0,3614.0,2.6,54.0,60.13,,57173.0,46.0,8.8,3.2,2.29,,21.0,99.0,0.0,2410.0,100.0,,100.0,0.98,26.0,5.0,108.0,20.4,11.3,14.0
150,Micronesia,,Oceania,English,,True,True,USD,115021,702.0,right,5.5,71.0,,2.0,1.0,5.0,,23.0,504260500.0,-20721200.0,,,92.1,0.0,,,41.0,19.0,,,13.0,,90.0,1.02,14.0,74.0,87.0,18.6,22.5,0.0
152,Curaçao,,Americas,English,,False,False,ANG,155014,444.0,right,,78.0,,2.8,17.0,68.0,,89.0,3.07,-129337586.0,,,0.2,0.3,,,68.0,88.0,,4798.0,,,99.0,1.08,,,,12.4,0.3,
154,Central African Republic,,Africa,French,Electoral Autocracies,True,True,XAF,4829764,622984.0,right,5.6,54.0,3.4,90.9,20.0,32913.0,0.5,44.0,2.71,,3224.0,69.0,35.7,18.1,2.1,2.0,11.0,34.0,,,1.0,6.4,36.0,0.74,13.0,835.0,49.0,10.0,28.6,38.0
156,Eritrea,,Africa,Arabic,Closed Autocracies,True,True,ERN,5352000,117600.0,right,,67.0,0.4,80.7,15.0,119.0,13.4,43.0,2.04,-27875537.0,,74.0,8.7,0.0,2.09,,27.0,50.0,0.0,103.0,11.0,,52.0,0.88,22.0,322.0,57.0,5.4,14.1,38.0
163,Angola,,Africa,Portuguese,Electoral Autocracies,True,True,AOA,32866268,1246700.0,right,3.8,62.0,1.5,52.9,4.0,25174.0,0.9,69.0,76.76,2.15,20190.0,65.0,52.5,5.0,2.4,22.0,39.0,67.0,2.5,310.0,50.0,4.7,58.0,0.63,34.0,222.0,61.0,7.7,14.9,26.0
168,Samoa,,Oceania,English,,True,True,WST,198410,2842.0,left,6.8,73.0,,35.9,6.0,5.0,,18.0,924520033.0,-2396342.0,25007.0,41.0,57.8,0.3,,6.0,75.0,60.0,,,40.0,1.5,99.0,1.05,13.0,59.0,101.0,13.7,11.0,13.0
173,Saint Vincent and the Grenadines,,Americas,English,,True,True,XCD,110947,389.0,left,,69.0,,,31.0,,,,,,,,73.2,,,,78.0,,,,,,,,18.0,,,,,
174,Bermuda,,Americas,English,,False,False,BMD,63903,54.0,left,,82.0,,0.9,11.0,,,100.0,8.48,-76457683.0,,,18.5,0.0,,13.0,98.0,106.0,,,,,100.0,1.05,,,105.0,7.8,0.2,
175,Seychelles,,Africa,Seychellois Creole,Liberal Democracies,True,True,SCR,98462,452.0,left,7.1,74.0,,1.9,5.0,,,59.0,2.12,-279217315.0,,,73.3,32.8,,0.0,87.0,192.0,,,100.0,0.2,96.0,1.06,23.0,3.0,94.0,6.7,2.8,11.0
182,Bahamas,,Americas,English,,True,True,BSD,393248,13943.0,left,,74.0,,,29.0,,,,,,,,50.9,,,,94.0,,,,,,,,18.0,,,,,
185,Maldives,,Asia,Maldivian,Electoral Democracies,True,True,MVR,540542,300.0,left,8.9,81.0,0.1,1.2,1.0,,5.4,42.0,5.82,-761516185.0,45905.0,61.0,2.7,0.1,2.66,0.0,84.0,137.0,,,100.0,,100.0,0.99,5.0,57.0,98.0,10.6,5.1,2.0
186,South Sudan,,Africa,English,Closed Autocracies,True,True,SSP,11193729,619745.0,right,4.9,56.0,1.9,32.4,14.0,381236.0,1.2,21.0,10.52,2210000.0,,65.0,11.3,15.5,,,12.0,30.0,0.0,41.0,0.0,,41.0,0.69,32.0,1223.0,21.0,3.3,10.4,37.0
191,Belize,,Americas,Belizean Creole,,True,True,BZD,397621,22966.0,right,,71.0,1.3,30.8,31.0,214.0,1.1,47.0,2.96,-13782459.0,29946.0,57.0,55.0,21.1,,0.0,70.0,66.0,,,83.0,0.1,98.0,0.99,16.0,130.0,94.0,18.5,8.1,23.0
193,Bhutan,,Asia,Dzongkha,Liberal Democracies,True,True,BTN,771612,38394.0,left,8.8,72.0,0.2,82.5,2.0,,2.3,44.0,2.75,-11879561.0,30394.0,63.0,71.6,49.7,2.3,0.0,87.0,95.0,,,88.0,0.5,99.0,1.06,17.0,60.0,78.0,17.8,14.7,16.0
198,Cayman Islands,,Americas,English,,False,False,KYD,65720,264.0,left,,82.0,,0.0,4.0,49.0,,100.0,4.36,921463031.0,,,52.7,0.1,,68.0,81.0,147.0,,,,,95.0,0.99,,,94.0,15.0,0.5,
199,Brunei,,Asia,Malay,,True,True,BND,437483,5765.0,left,,75.0,,,0.0,,,,,,,,72.1,,,,99.0,,,,,,,,12.0,,,,,
201,Guam,,Oceania,Chamorro,,False,False,USD,168783,549.0,right,,78.0,,6.7,4.0,,,95.0,,,,59.0,51.9,0.0,,,81.0,60.0,,,,,100.0,,,,,,,
202,Tonga,,Oceania,English,,True,True,TOP,105697,747.0,left,9.3,71.0,,2.3,1.0,,,23.0,543800039.0,-3784837.0,20815.0,51.0,12.4,0.1,,3.0,58.0,61.0,,,90.0,,99.0,1.05,7.0,126.0,95.0,8.4,15.6,33.0
203,Kiribati,,Oceania,English,,True,True,AUD,119446,811.0,left,9.5,68.0,,41.9,7.0,,,58.0,466251743.0,-5094095.0,,,1.5,11.8,,2.0,54.0,49.0,,,15.0,,76.0,1.07,7.0,76.0,103.0,16.1,27.8,2.0
207,Saint Martin,,Americas,French,,False,False,EUR,38659,53.0,right,,81.0,,,29.0,,,,,,,,24.8,92.0,,,,,,,,,100.0,,,,,,,
210,American Samoa,,Oceania,English,,False,False,USD,55197,199.0,right,,,,0.4,0.0,,,87.0,,,,,85.3,8.7,,,,4.0,,,,,99.0,,,,,,,
