Country,Happiness Score,Country Code,Country Code CCA3,Region,Main Language,Political Regime,Independent,UN Member,Main Currency,Population,Area,Car Side,Poverty headcount ratio at $2.15 a day (2017 PPP) (% of population),Income share held by lowest 20%,Gini index,Population living in slums (% of urban population),"Life expectancy at birth, total (years)","Immunization, measles (% of children ages 12-23 months)",Risk of catastrophic expenditure for surgical care (% of people at risk),"Prevalence of HIV, total (% of population ages 15-49)",Renewable energy consumption (% of total final energy consumption),Land area where elevation is below 5 meters (% of total land area),"Intentional homicides (per 100,000 people)",Refugee population by country or territory of asylum,Armed forces personnel (% of total labor force),"Internally displaced persons, new displacement associated with disasters (number of cases)",Urban land area where elevation is below 5 meters (sq. km),Urban population (% of total population),"Central government debt, total (% of GDP)",Statistical performance indicators (SPI): Overall score (scale 0-100),Military expenditure (% of GDP),GNI (current US$),GNI per capita growth (annual %),"Net trade in goods and services (BoP, current US$)","Foreign direct investment, net (BoP, current US$)","Railways, goods transported (million ton-km)",Public private partnerships investment in energy (current US$),Public private partnerships investment in transport (current US$),Public private partnerships investment in water and sanitation (current US$),"Labor force participation rate, total (% of total population ages 15+) (modeled ILO estimate)",GDP per person employed (constant 2021 PPP $),"Employment to population ratio, 15+, total (%) (modeled ILO estimate)",Forest area (% of land area),Adjusted savings: net forest depletion (% of GNI),Terrestrial and marine protected areas (% of total territorial area),Firms using banks to finance investment (% of firms),Logistics performance index: Ease of arranging competitively priced shipments (1=low to 5=high),High-technology exports (% of manufactured exports),"Stocks traded, total value (% of GDP)",Individuals using the Internet (% of population),Mobile cellular subscriptions (per 100 people),Fixed broadband subscriptions (per 100 people),Alternative and nuclear energy (% of total energy use),Access to electricity (% of population),Electric power consumption (kWh per capita),Access to clean fuels and technologies for cooking (% of population),"Children in employment, total (% of children ages 7-14)","Children in employment, unpaid family workers (% of children in employment, ages 7-14)",Coverage of social protection and labor programs (% of population),Social contributions (% of revenue),"Annual freshwater withdrawals, total (% of internal resources)",People using at least basic drinking water services (% of population),People with basic handwashing facilities including soap and water (% of population),Marine protected areas (% of territorial waters),"School enrollment, primary and secondary (gross), gender parity index (GPI)",Proportion of seats held by women in national parliaments (%),"Contraceptive prevalence, any method (% of married women ages 15-49)","Maternal mortality ratio (modeled estimate, per 100,000 live births)","School enrollment, primary (% gross)","Literacy rate, adult total (% of people ages 15 and above)","Primary completion rate, total (% of relevant age group)","Government expenditure on education, total (% of government expenditure)",Crop production index (2014-2016 = 100),Livestock production index (2014-2016 = 100),Agricultural land (% of land area),"Agriculture, forestry, and fishing, value added (% of GDP)","Railways, passengers carried (million passenger-km)","Mortality caused by road traffic injury (per 100,000 population)","Population, total",Population growth (annual %),Net migration,Human Capital Index (HCI) (scale 0-1),GDP (current US$),GDP per capita (current US$),GDP growth (annual %),"Unemployment, total (% of total labor force) (modeled ILO estimate)","Inflation, consumer prices (annual %)","Personal remittances, received (% of GDP)","Electricity production from renewable sources, excluding hydroelectric (% of total)",People using safely managed sanitation services (% of population),"Foreign direct investment, net inflows (% of GDP)"
Finland,7.741,FI,FIN,Europe,Finnish,Liberal Democracies,True,True,EUR,5530719,338424.0,right,0.0,9.3,27.7,,81.0,94.0,0.0,,50.2,1.2,2.0,89869.0,0.8,2.0,126.0,86.0,,95.1,2.4,297.13,-3.5,870993171.0,-985409102.0,10749.0,,,,60.0,118586.0,56.0,73.7,0.0,13.1,25.0,4.1,10.0,95.6,94.0,129.0,35.33,25.4,100.0,15250.0,100.0,,,,32.2,3.0,100.0,,12.0,1.06,46.0,86.0,8.0,99.0,,98.0,10.2,98.7,97.8,7.5,2.3,2903.0,4.0,,,,,,,,,,,,,
Denmark,7.583,DK,DNK,Europe,Danish,Liberal Democracies,True,True,DKK,5831404,43094.0,right,0.2,9.2,28.3,,81.0,95.0,0.0,0.1,39.5,13.4,1.0,68912.0,0.5,520.0,356.0,88.0,,95.3,2.0,418.67,-5.4,33.17,6.25,2592.0,,,,64.0,140245.0,61.0,15.8,0.0,17.9,22.2,3.6,17.0,27.1,99.0,127.0,44.48,11.7,100.0,5859.0,100.0,,,,1.8,16.0,100.0,,18.3,1.0,44.0,,5.0,100.0,,100.0,11.8,107.0,102.2,65.6,0.8,6560.0,4.0,,,,,,,,,,,,,
Iceland,7.525,IS,ISL,Europe,Icelandic,Liberal Democracies,True,True,ISK,366425,103000.0,right,0.0,9.7,26.1,,82.0,91.0,23.0,0.1,82.4,1.9,1.0,8715.0,0.0,4600.0,12.0,94.0,81.1,81.7,,31.87,,177815650.0,-441193875.0,,,,,75.0,113172.0,72.0,0.5,0.0,2.9,,3.3,43.0,84.9,100.0,123.0,37.42,37.5,100.0,53832.0,100.0,,,,9.5,0.0,100.0,,0.4,0.99,48.0,,3.0,99.0,,99.0,14.9,117.6,101.3,18.6,3.8,,2.0,,,,,,,,,,,,,
Sweden,7.344,SE,SWE,Europe,Swedish,Liberal Democracies,True,True,SEK,10353442,450295.0,right,0.6,7.8,29.8,,83.0,93.0,0.0,,57.9,1.0,1.0,237632.0,0.3,47.0,274.0,89.0,36.9,94.4,1.5,606.6,-1.6,25.48,17.51,23246.0,,,,65.0,126052.0,60.0,68.7,0.0,15.5,21.8,3.4,18.0,80.6,96.0,125.0,40.73,43.2,100.0,13480.0,100.0,,,,8.9,1.0,100.0,,15.8,1.07,46.0,,5.0,116.0,,100.0,13.5,103.1,99.8,7.4,1.0,8008.0,3.0,,,,,,,,,,,,,
Israel,7.341,IL,ISR,Asia,Arabic,Electoral Democracies,True,True,ILS,9216900,20770.0,right,0.2,5.6,37.9,,83.0,98.0,2.0,,6.2,0.5,2.0,1235.0,4.2,42.0,71.0,93.0,,87.9,5.3,506.7,5.3,18.84,-5.38,1085.0,,,,65.0,106698.0,63.0,6.5,0.0,10.5,46.4,3.5,35.0,21.3,92.0,152.0,29.87,5.2,100.0,6601.0,100.0,,,,15.8,204.0,100.0,,0.0,1.01,24.0,,3.0,96.0,,95.0,17.5,99.9,109.5,29.7,1.2,1956.0,4.0,,,,,,,,,,,,,
Netherlands,7.319,NL,NLD,Europe,Dutch,Liberal Democracies,True,True,EUR,16655799,41850.0,right,0.1,9.4,25.7,,82.0,89.0,0.0,0.2,12.2,52.0,1.0,237767.0,0.4,51000.0,4257.0,93.0,,94.3,1.5,1.14,-0.9,128.91,-23.49,7188.0,,,,68.0,127698.0,65.0,11.0,0.0,25.3,16.9,3.7,24.0,52.8,97.0,118.0,43.26,3.4,100.0,6713.0,100.0,,,,32.5,72.0,100.0,,26.9,1.01,40.0,73.0,4.0,104.0,,,11.6,100.4,101.2,53.6,1.7,10900.0,4.0,,,,,,,,,,,,,
Norway,7.302,NO,NOR,Europe,Norwegian Nynorsk,Liberal Democracies,True,True,NOK,5379475,323802.0,right,0.2,8.8,27.7,,83.0,96.0,0.0,,61.4,1.6,1.0,103606.0,0.9,5800.0,131.0,84.0,,93.6,1.6,507.85,25.0,69.25,2.1,4305.0,,,,65.0,171726.0,63.0,33.5,0.0,15.2,,3.0,26.0,24.9,99.0,111.0,45.66,31.3,100.0,23000.0,100.0,,,,13.4,1.0,100.0,,9.8,0.98,46.0,,2.0,99.0,,99.0,10.1,101.8,102.8,2.7,2.1,1780.0,2.0,,,,,,,,,,,,,
Luxembourg,7.122,LU,LUX,Europe,German,Liberal Democracies,True,True,EUR,632275,2586.0,right,0.1,7.2,32.7,,83.0,99.0,0.0,0.2,20.5,0.0,1.0,13735.0,0.3,560.0,0.0,92.0,,88.9,0.7,55.81,-3.6,28.0,55.74,176.0,,,,62.0,265492.0,58.0,34.5,0.0,55.8,33.8,3.6,6.0,0.1,99.0,137.0,38.33,3.7,100.0,13915.0,100.0,,,,29.1,5.0,100.0,,,0.99,33.0,,6.0,99.0,,78.0,10.7,96.4,120.2,51.5,0.2,304.0,4.0,,,,,,,,,,,,,
Switzerland,7.06,CH,CHE,Europe,French,Liberal Democracies,True,True,CHF,8654622,41284.0,right,0.0,7.5,33.7,,83.0,95.0,1.0,0.2,27.7,0.0,0.0,192507.0,0.4,410.0,0.0,74.0,17.8,90.3,0.7,860.24,2.6,97.82,99.13,12024.0,,,,67.0,148664.0,65.0,32.3,0.0,12.1,,3.6,29.0,105.7,97.0,120.0,48.79,39.9,100.0,7520.0,100.0,,,,38.2,4.0,100.0,,,0.97,39.0,72.0,7.0,101.0,,95.0,15.4,97.4,97.4,37.9,0.6,14308.0,2.0,,,,,,,,,,,,,
Australia,7.057,AU,AUS,Oceania,English,Liberal Democracies,True,True,AUD,25687041,7692024.0,left,0.5,7.4,34.3,,83.0,91.0,0.0,0.1,12.3,0.7,1.0,34502.0,0.4,4700.0,752.0,87.0,58.0,90.9,1.9,1.65,0.4,68.0,-17.89,453091.0,,,,67.0,114553.0,64.0,17.4,0.1,32.1,,3.1,25.0,64.4,95.0,107.0,36.41,2.2,100.0,10071.0,100.0,,,,,2.0,100.0,,44.3,0.98,38.0,67.0,3.0,99.0,,,13.9,146.1,87.5,47.3,2.6,9328.0,5.0,,,,,,,,,,,,,
New Zealand,7.029,NZ,NZL,Oceania,English,Liberal Democracies,True,True,NZD,5084300,270467.0,left,,,,,83.0,,,,,,3.0,,,,,,54.6,91.3,,,,,,,,,,,,,37.7,,,,,,,96.0,,,,100.0,,,,,,,3.0,,,,,44.0,,,,,,,,,,,,,5223100.0,2.0,21404.0,0.8,252.18,48280.8,0.7,3.7,5.7,0.3,24.6,89.0,1.4
Costa Rica,6.955,CR,CRI,Americas,Spanish,Liberal Democracies,True,True,CRC,5094114,51100.0,right,0.9,4.5,46.7,4.0,77.0,93.0,9.0,0.5,34.2,2.9,11.0,23422.0,0.4,290.0,27.0,83.0,71.1,88.5,,80.48,5.5,5.27,-3.7,,46000000.0,663000000.0,,57.0,61840.0,52.0,60.1,0.0,28.8,32.8,2.8,24.0,0.1,85.0,152.0,22.52,14.2,100.0,1954.0,96.0,1.3,67.8,83.0,36.4,3.0,100.0,85.96,29.0,1.05,47.0,71.0,22.0,108.0,98.0,101.0,31.2,96.1,113.4,34.7,3.8,,15.0,,,,,,,,,,,,,
Kuwait,6.951,KW,KWT,Asia,Arabic,Electoral Autocracies,True,True,KWD,4270563,17818.0,right,,,,,80.0,99.0,,0.1,0.1,8.6,0.0,572.0,1.0,14.0,79.0,100.0,,62.4,4.9,195.99,0.7,32.05,9.09,,,,,74.0,78731.0,72.0,0.4,0.0,10.7,,3.2,2.0,23.1,100.0,181.0,1.01,0.0,100.0,15697.0,100.0,,,,,,100.0,,1.4,1.05,3.0,,7.0,102.0,96.0,95.0,12.6,109.3,146.0,8.4,0.5,,15.0,,,,,,,,,,,,,
Austria,6.905,AT,AUT,Europe,German,Electoral Democracies,True,True,EUR,8917205,83871.0,right,0.5,7.7,30.7,4.0,81.0,95.0,0.0,,36.0,0.0,1.0,257811.0,0.5,670.0,0.0,60.0,74.9,92.6,0.8,510.08,-0.1,10.22,5.45,21781.0,,,,61.0,130225.0,58.0,47.2,0.0,29.5,23.0,3.8,16.0,7.9,95.0,123.0,29.65,12.2,100.0,8356.0,100.0,,,,33.0,6.0,100.0,,,0.99,41.0,66.0,5.0,101.0,,97.0,9.0,100.3,100.5,31.5,1.3,8433.0,5.0,,,,,,,,,,,,,
Canada,6.9,CA,CAN,Americas,English,Liberal Democracies,True,True,CAD,38005238,9984670.0,right,0.2,7.7,31.7,,81.0,92.0,0.0,0.2,23.8,0.6,2.0,169448.0,0.4,192000.0,291.0,82.0,62.2,93.5,1.3,2.11,-3.8,-9.81,35.23,430170.0,,,,65.0,108263.0,62.0,39.5,0.0,11.4,,3.6,15.0,104.1,94.0,91.0,43.18,19.8,100.0,15590.0,100.0,,,,23.1,1.0,99.0,,9.1,1.0,31.0,,11.0,96.0,,98.0,11.1,108.0,119.1,6.5,1.8,536.0,5.0,,,,,,,,,,,,,
Belgium,6.894,BE,BEL,Europe,German,Liberal Democracies,True,True,EUR,11555997,30528.0,right,0.0,9.2,26.6,,82.0,96.0,0.0,0.2,11.7,5.4,1.0,167831.0,0.5,100.0,521.0,98.0,92.5,90.5,1.2,648.33,-0.8,-3.92,-10.58,6698.0,,,,54.0,146162.0,51.0,22.6,0.0,17.8,51.6,3.8,19.0,19.9,95.0,102.0,43.7,15.1,100.0,7709.0,100.0,,,,35.5,35.0,100.0,,38.1,1.08,43.0,67.0,5.0,102.0,,,11.3,95.9,102.3,44.6,0.8,6970.0,6.0,,,,,,,,,,,,,
Ireland,6.838,IE,IRL,Europe,English,Liberal Democracies,True,True,EUR,4994724,70273.0,left,0.1,8.9,30.1,9.0,83.0,89.0,0.0,0.2,12.7,2.1,0.0,113902.0,0.4,17.0,57.0,64.0,45.4,89.4,0.2,419.85,2.2,181.48,12.93,70.0,,,,65.0,228593.0,62.0,11.5,0.0,4.0,25.4,3.6,48.0,8.1,96.0,113.0,31.84,4.8,100.0,5672.0,100.0,,,,17.5,3.0,96.0,,2.3,1.04,23.0,73.0,5.0,100.0,,96.0,12.0,99.4,123.2,63.1,0.9,870.0,3.0,,,,,,,,,,,,,
Czechia,6.822,CZ,CZE,Europe,Czech,Liberal Democracies,True,True,CZK,10698896,78865.0,right,0.1,9.7,26.2,,79.0,87.0,,0.1,17.2,0.0,0.0,377120.0,0.5,64.0,0.0,75.0,,91.0,1.5,317.87,-2.4,17.29,-729773116.0,16326.0,,,,60.0,95586.0,59.0,34.7,0.2,22.2,35.2,3.4,20.0,1.9,86.0,128.0,37.92,19.0,100.0,6259.0,100.0,,,,49.2,10.0,100.0,,,1.01,26.0,86.0,3.0,101.0,,103.0,10.9,94.0,102.3,45.7,1.7,6820.0,6.0,,,,,,,,,,,,,
Lithuania,6.818,LT,LTU,Europe,Lithuanian,Electoral Democracies,True,True,EUR,2794700,65300.0,right,0.3,7.0,36.7,,76.0,87.0,33.0,0.2,33.2,0.7,3.0,80225.0,2.5,,18.0,69.0,36.0,91.5,2.7,76.75,-5.2,3.12,-1.42,14566.0,,,,63.0,92490.0,59.0,35.2,0.0,17.8,17.5,3.4,14.0,2.2,89.0,139.0,28.23,3.8,100.0,3821.0,100.0,,,82.0,29.4,2.0,98.0,,25.6,0.98,28.0,69.0,9.0,102.0,100.0,101.0,12.7,105.1,91.2,46.5,2.7,329.0,8.0,,,,,,,,,,,,,
United Kingdom,6.749,GB,GBR,Europe,English,Liberal Democracies,True,True,GBP,67215293,242900.0,left,0.2,7.7,32.4,,82.0,90.0,0.0,,12.2,4.1,1.0,448620.0,0.4,4600.0,826.0,85.0,138.2,88.9,2.3,3.3,-12.2,-18.84,153.37,15212.0,,,,62.0,107335.0,59.0,13.3,0.0,39.9,,3.5,29.0,25.2,95.0,121.0,41.04,13.1,100.0,5130.0,100.0,,,,18.6,6.0,100.0,,44.1,1.01,35.0,76.0,10.0,102.0,,100.0,10.6,94.3,105.2,69.6,0.6,24188.0,3.0,,,,,,,,,,,,,
Slovenia,6.743,SI,SVN,Europe,Slovene,Electoral Democracies,True,True,EUR,2100126,20273.0,right,0.0,10.2,24.3,,81.0,95.0,0.0,0.1,23.4,0.1,0.0,10525.0,0.7,8200.0,12.0,56.0,,94.2,1.3,68.2,-1.0,4.35,-618530593.0,4937.0,,,,59.0,99442.0,57.0,61.3,0.1,40.1,33.2,3.4,8.0,0.7,90.0,126.0,32.24,28.2,100.0,6728.0,100.0,,,,41.4,5.0,100.0,,2.3,1.01,38.0,,5.0,101.0,100.0,97.0,11.5,81.8,101.5,30.3,1.5,542.0,5.0,,,,,,,,,,,,,
United Arab Emirates,6.733,AE,ARE,Asia,Arabic,Closed Autocracies,True,True,AED,9890400,83600.0,right,0.0,8.2,26.4,,79.0,98.0,0.0,0.1,1.0,4.1,0.0,1416.0,1.0,38.0,529.0,88.0,1.8,77.6,5.6,517.97,0.4,,,1380.0,3.8,,,77.0,108156.0,76.0,4.5,0.0,15.9,,3.8,9.0,29.1,100.0,212.0,37.1,0.1,100.0,12677.0,100.0,,,,7.0,1533.0,100.0,,11.5,1.01,50.0,,9.0,106.0,98.0,99.0,14.8,116.0,132.1,5.5,0.7,,9.0,,,,,,,,,,,,,
United States,6.725,US,USA,Americas,English,Liberal Democracies,True,True,USD,329484123,9372610.0,right,1.2,5.2,41.3,,77.0,92.0,0.0,0.4,10.9,1.5,7.0,409202.0,0.8,202000.0,5004.0,83.0,114.9,93.4,3.4,27.58,1.0,-784.89,105.3,2239401.0,,,,62.0,151286.0,60.0,33.9,0.0,15.9,,3.4,22.0,170.4,97.0,110.0,38.05,11.9,100.0,12994.0,100.0,,,,37.5,16.0,100.0,,19.0,0.99,29.0,74.0,21.0,97.0,,96.0,12.7,93.0,110.5,45.1,0.9,12460.0,13.0,,,,,,,,,,,,,
Germany,6.719,DE,DEU,Europe,German,Liberal Democracies,True,True,EUR,83240525,357114.0,right,0.2,7.8,32.4,,81.0,97.0,0.0,0.1,17.6,3.3,1.0,2593007.0,0.4,3300.0,852.0,78.0,,92.5,1.5,4.64,2.4,179.88,72.41,123067.0,,,,61.0,123728.0,59.0,32.7,0.0,38.7,30.4,3.7,18.0,31.0,92.0,125.0,45.38,12.9,100.0,7035.0,100.0,,,,56.0,24.0,100.0,,45.5,0.97,35.0,80.0,4.0,100.0,,98.0,9.2,91.5,93.3,47.5,0.8,58822.0,4.0,,,,,,,,,,,,,
Mexico,6.678,MX,MEX,Americas,Spanish,Electoral Democracies,True,True,MXN,128932753,1964375.0,right,1.2,5.6,43.5,18.0,75.0,76.0,8.0,0.4,13.0,2.7,28.0,124784.0,0.6,196000.0,426.0,82.0,45.3,91.6,0.7,1.74,2.1,-24.97,-29.85,92437.0,448460000.0,228000000.0,14700000.0,62.0,48528.0,60.0,33.7,0.0,19.0,28.9,2.8,18.0,7.2,81.0,100.0,20.53,3.5,100.0,2168.0,86.0,5.6,59.6,47.0,12.5,22.0,100.0,93.94,21.6,1.05,50.0,73.0,59.0,102.0,95.0,102.0,15.9,115.1,120.1,49.4,3.8,466.0,13.0,,,,,,,,,,,,,
Uruguay,6.611,UY,URY,Americas,Spanish,Liberal Democracies,True,True,UYU,3473727,181034.0,right,0.2,5.6,40.6,5.0,78.0,96.0,13.0,0.6,57.8,0.6,9.0,1285.0,1.3,4300.0,52.0,96.0,60.3,81.1,2.0,71.75,3.7,2.75,-2.81,284.0,67000000.0,476000000.0,,64.0,65117.0,59.0,11.8,0.0,2.4,31.8,2.7,11.0,,90.0,139.0,32.4,14.8,100.0,3126.0,100.0,7.3,45.1,73.0,31.8,4.0,100.0,,0.8,1.05,26.0,77.0,19.0,109.0,99.0,100.0,15.4,79.7,109.6,80.9,5.6,8.0,15.0,,,,,,,,,,,,,
France,6.609,FR,FRA,Europe,French,Liberal Democracies,True,True,EUR,67391582,551695.0,right,0.1,7.7,31.5,,82.0,95.0,0.0,0.3,16.2,1.5,1.0,664366.0,1.0,7900.0,736.0,82.0,98.1,92.8,2.1,3.09,0.1,-43.85,30.51,35751.0,,,,56.0,125783.0,52.0,31.8,0.0,36.6,48.9,3.7,24.0,54.4,87.0,119.0,48.62,49.1,100.0,6940.0,100.0,,,,37.8,12.0,100.0,,49.8,1.0,38.0,78.0,8.0,103.0,,93.0,8.9,94.7,93.2,51.7,1.7,86853.0,5.0,,,,,,,,,,,,,
Saudi Arabia,6.594,SA,SAU,Asia,Arabic,Closed Autocracies,True,True,SAR,34813867,2149690.0,right,,,,,78.0,,,,,,1.0,,,,,,,81.5,,,,,,,,,,,,,0.5,,,,,,,100.0,,,,100.0,,,,,,,974.0,,,,,20.0,,,,,,,,,,,,,33264292.0,3.3,325691.0,0.6,1.07,32094.0,-0.8,4.0,2.3,0.0,0.0,80.0,1.2
Kosovo,6.561,XK,UNK,Europe,Albanian,,,False,EUR,1775378,10908.0,right,0.4,9.2,29.0,,80.0,,,,,,2.0,,,1100.0,,,,,1.3,10.68,5.5,-3.21,-703007657.0,,211730000.0,63000000.0,,,,,,,,34.2,,,,89.0,32.0,,0.5,,2818.0,,,,43.0,,,,,,,,,,,,,,,,,7.2,,,,,,,,,,,,,,,
Singapore,6.523,SG,SGP,Asia,English,Electoral Autocracies,True,True,SGD,5685807,710.0,left,,,,,83.0,97.0,,,1.1,9.8,0.0,5.0,1.7,,21.0,100.0,150.1,88.8,2.7,420.68,,187.33,-112.24,,,,,69.0,215853.0,67.0,21.2,0.0,2.5,22.5,4.0,56.0,30.3,94.0,156.0,27.19,0.2,100.0,8845.0,100.0,,,,,83.0,100.0,,0.0,1.0,29.0,,7.0,100.0,98.0,100.0,10.1,90.9,139.0,0.9,0.0,,2.0,,,,,,,,,,,,,
Romania,6.491,RO,ROU,Europe,Romanian,Electoral Democracies,True,True,RON,19286123,238391.0,right,1.8,6.0,33.9,,75.0,78.0,0.0,0.1,23.6,1.4,1.0,87487.0,1.5,51.0,27.0,55.0,50.9,88.6,1.6,341.41,2.7,-16.94,-6.88,13312.0,114600000.0,50400000.0,41000000.0,52.0,98176.0,49.0,30.1,0.0,24.4,24.7,3.4,13.0,0.8,89.0,118.0,34.66,14.5,100.0,2584.0,100.0,1.4,92.9,81.0,34.3,19.0,100.0,,23.1,1.0,19.0,70.0,10.0,85.0,99.0,83.0,8.1,85.4,83.6,55.1,3.9,5906.0,10.0,,,,,,,,,,,,,
El Salvador,6.469,SV,SLV,Americas,Spanish,Electoral Autocracies,True,True,USD,6486201,21041.0,right,3.4,5.6,38.8,17.0,71.0,99.0,13.0,0.5,21.9,3.6,18.0,106.0,1.6,5300.0,15.0,75.0,101.7,74.9,1.3,31.87,2.8,-6.4,-730286689.0,,25300000.0,,,60.0,25990.0,59.0,27.7,0.6,2.1,39.4,2.6,6.0,,63.0,182.0,10.68,6.3,100.0,957.0,94.0,7.8,79.8,85.0,9.9,14.0,99.0,90.7,0.7,0.98,27.0,72.0,43.0,91.0,90.0,81.0,12.0,105.4,98.9,57.7,4.6,,21.0,,,,,,,,,,,,,
Estonia,6.448,EE,EST,Europe,Estonian,Liberal Democracies,True,True,EUR,1331057,45227.0,right,0.3,8.1,31.8,,78.0,89.0,78.0,0.7,38.0,3.4,2.0,42005.0,1.0,,21.0,70.0,24.9,92.8,2.9,40.05,-2.3,350690237.0,-3.15,2128.0,,,,66.0,80736.0,61.0,57.1,0.0,20.2,30.0,3.4,17.0,7.4,93.0,155.0,37.75,0.9,100.0,6732.0,100.0,,,,32.0,8.0,100.0,,18.8,1.02,29.0,75.0,5.0,99.0,100.0,99.0,14.3,119.0,94.6,23.1,1.9,290.0,5.0,,,,,,,,,,,,,
Poland,6.442,PL,POL,Europe,Polish,Electoral Democracies,True,True,PLN,37950802,312679.0,right,0.1,,,,77.0,,,,,,1.0,,,,,,,94.7,,,,,,,,,,,,,31.1,,,,,,,86.0,,,,100.0,,,,,,,17.0,,,,,29.0,,,,,,,,,,,,,36687353.0,-0.4,-7824.0,0.8,809.2,22056.7,0.1,2.7,11.5,1.1,12.7,98.0,4.2
Spain,6.421,ES,ESP,Europe,Spanish,Liberal Democracies,True,True,EUR,47351567,505992.0,right,0.6,6.4,33.9,,83.0,96.0,1.0,0.2,19.0,0.8,1.0,385701.0,0.9,24000.0,844.0,82.0,109.2,94.3,1.5,1.61,2.2,63.7,-3.28,10299.0,,,,58.0,107604.0,51.0,37.2,0.0,17.9,48.8,3.7,10.0,25.1,95.0,124.0,38.08,20.0,100.0,5356.0,100.0,,,,40.4,26.0,100.0,,12.8,1.02,44.0,62.0,3.0,102.0,99.0,98.0,9.2,87.0,118.7,53.4,2.5,17002.0,4.0,,,,,,,,,,,,,
Serbia,6.411,RS,SRB,Europe,Serbian,Electoral Autocracies,True,True,RSD,6908224,88361.0,right,1.2,7.1,33.1,,75.0,84.0,5.0,0.1,27.2,0.0,1.0,29365.0,1.0,400.0,0.0,57.0,,84.4,2.9,77.12,3.8,-3.87,-4.56,2925.0,18460000.0,1.12,33300000.0,57.0,57198.0,52.0,32.4,0.0,8.1,39.4,2.9,5.0,0.5,85.0,124.0,31.32,5.7,100.0,4271.0,83.0,17.9,89.3,61.0,29.6,60.0,96.0,98.13,,1.01,35.0,62.0,10.0,99.0,99.0,98.0,7.4,94.6,107.0,41.3,3.8,191.0,8.0,,,,,,,,,,,,,
Chile,6.36,CL,CHL,Americas,Spanish,Liberal Democracies,True,True,CLP,19116209,756102.0,right,0.4,5.9,43.0,7.0,80.0,94.0,14.0,0.6,24.2,1.5,4.0,2338.0,1.3,44000.0,67.0,88.0,13.1,86.8,1.6,318.45,-0.7,4.54,-15.46,3585.0,,,,62.0,63771.0,56.0,24.8,0.0,37.9,44.8,2.7,11.0,13.6,94.0,135.0,23.0,5.7,100.0,3857.0,100.0,4.5,,78.0,3.8,4.0,100.0,,41.4,0.98,35.0,76.0,15.0,100.0,97.0,100.0,14.9,106.4,103.4,14.3,3.5,738.0,15.0,,,,,,,,,,,,,
Panama,6.358,PA,PAN,Americas,Spanish,Electoral Democracies,True,True,PAB,4314768,75417.0,right,1.3,3.7,48.9,16.0,77.0,78.0,24.0,1.0,28.0,4.5,13.0,2724.0,1.3,26.0,52.0,70.0,,72.3,,79.29,5.6,433166844.0,-1.54,,,,,65.0,78835.0,61.0,56.5,0.0,27.7,1.2,3.1,1.0,0.8,74.0,156.0,18.13,8.9,95.0,2069.0,100.0,5.6,77.4,77.0,0.0,1.0,95.0,,26.8,1.01,23.0,51.0,50.0,95.0,96.0,93.0,11.9,130.9,106.5,29.4,2.5,,14.0,,,,,,,,,,,,,
Malta,6.346,MT,MLT,Europe,English,Electoral Democracies,True,True,EUR,525285,316.0,left,0.3,8.0,31.4,,83.0,95.0,2.0,0.2,8.6,7.1,0.0,11724.0,0.7,,7.0,95.0,,84.8,0.6,19.35,4.1,4.01,-1.08,,,,,64.0,111236.0,62.0,1.4,,7.6,28.9,3.0,43.0,0.2,92.0,132.0,44.28,1.5,100.0,4925.0,100.0,,,,17.1,78.0,100.0,,7.4,1.0,28.0,,3.0,94.0,95.0,96.0,12.7,53.8,96.3,27.3,0.7,,4.0,,,,,,,,,,,,,
Italy,6.324,IT,ITA,Europe,Italian,Liberal Democracies,True,True,EUR,59554023,301336.0,right,0.8,6.5,34.8,,83.0,95.0,1.0,0.2,17.5,3.3,1.0,298296.0,1.4,42000.0,1081.0,72.0,,93.6,1.6,2.25,2.6,29.8,-11.44,24262.0,,,,50.0,130121.0,46.0,32.7,0.0,14.5,52.5,3.4,10.0,94.6,87.0,133.0,33.79,6.3,100.0,5002.0,100.0,,,,31.9,18.0,100.0,,10.6,0.99,32.0,65.0,5.0,102.0,99.0,97.0,7.4,94.0,102.3,44.0,1.9,27693.0,5.0,,,,,,,,,,,,,
Guatemala,6.287,GT,GTM,Americas,Spanish,Electoral Democracies,True,True,GTQ,16858333,108889.0,right,9.5,,,,69.0,,,,,,20.0,,,,,,25.2,74.3,,,,,,,,,,,,,32.7,,,,,,,54.0,,,,99.1,,,,,,,3.0,,,,,20.0,,,,,,,,,,,,,18124838.0,1.5,-8940.0,0.5,104.45,5762.8,3.5,2.3,6.9,19.1,25.3,,1.5
Nicaragua,6.284,NI,NIC,Americas,Spanish,Electoral Autocracies,True,True,NIO,6624554,130373.0,right,3.9,5.1,46.2,67.0,75.0,85.0,38.0,0.3,50.4,5.9,11.0,311.0,0.4,660.0,15.0,60.0,,53.6,0.5,16.94,5.2,-2.27,-1.2,,76000000.0,104000000.0,,65.0,16959.0,62.0,26.7,0.0,10.0,43.4,2.8,1.0,,61.0,97.0,5.43,3.3,86.5,575.0,59.0,47.7,82.9,68.0,,1.0,82.0,,3.4,1.04,52.0,80.0,78.0,106.0,83.0,81.0,17.7,130.8,126.0,42.3,15.3,,17.0,,,,,,,,,,,,,
Brazil,6.272,BR,BRA,Americas,Portuguese,Electoral Democracies,True,True,BRL,212559409,8515767.0,right,3.5,3.6,52.0,15.0,73.0,87.0,23.0,0.6,46.5,0.9,22.0,235765.0,0.8,745000.0,1504.0,88.0,83.7,80.6,1.1,2.11,2.2,52.18,-39.08,9394.0,5.15,10.24,565200000.0,63.0,41015.0,58.0,59.1,0.0,29.3,43.7,2.9,10.0,66.2,84.0,99.0,22.91,10.8,100.0,2655.0,97.0,2.5,63.7,69.0,23.2,1.0,100.0,,26.8,1.01,18.0,80.0,72.0,104.0,95.0,,12.8,115.9,112.2,26.7,6.2,16486.0,16.0,,,,,,,,,,,,,
Slovakia,6.257,SK,SVK,Europe,Slovak,Electoral Democracies,True,True,EUR,5458827,49037.0,right,0.1,9.1,24.1,,77.0,94.0,0.0,0.1,17.9,0.0,1.0,126866.0,0.7,86.0,0.0,54.0,64.3,89.8,2.0,129.36,0.9,1.34,-87933105.0,8580.0,,,,61.0,80844.0,58.0,40.1,0.0,37.6,44.0,3.0,10.0,0.0,87.0,132.0,33.17,27.5,100.0,5137.0,100.0,,,89.0,39.0,4.0,100.0,,,1.01,22.0,,5.0,100.0,,95.0,9.4,85.0,88.2,38.5,2.0,2052.0,6.0,,,,,,,,,,,,,
Latvia,6.234,LV,LVA,Europe,Latvian,Liberal Democracies,True,True,EUR,1901548,64559.0,right,0.4,7.1,34.3,,75.0,96.0,90.0,0.7,44.0,1.9,3.0,45761.0,0.9,27.0,91.0,69.0,,91.4,2.3,43.72,4.2,-1.58,-670181723.0,7367.0,,,,61.0,79710.0,57.0,54.9,0.0,17.5,20.4,3.2,18.0,1.2,92.0,117.0,25.99,6.8,100.0,3507.0,100.0,,,80.0,32.6,1.0,99.0,,16.0,1.0,32.0,,18.0,99.0,100.0,98.0,12.7,105.2,102.0,31.7,3.8,361.0,8.0,,,,,,,,,,,,,
Uzbekistan,6.195,UZ,UZB,Asia,Russian,Closed Autocracies,True,True,UZS,34232050,447400.0,right,2.3,7.2,31.2,,72.0,99.0,83.0,,1.0,0.0,1.0,9405.0,0.5,170.0,0.0,51.0,,80.3,3.6,100.82,,-17.6,-2.14,24619.0,1.95,,159730000.0,56.0,27044.0,54.0,8.5,0.0,5.8,26.2,2.6,3.0,,89.0,103.0,30.27,1.9,100.0,1675.0,78.0,5.1,78.6,25.0,14.3,260.0,97.0,81.63,,0.99,34.0,65.0,30.0,93.0,100.0,96.0,21.4,107.7,121.6,58.5,20.6,3130.0,12.0,,,,,,,,,,,,,
Argentina,6.188,AR,ARG,Americas,Guaraní,Electoral Democracies,True,True,ARS,45376763,2780400.0,right,0.6,5.4,40.7,16.0,76.0,80.0,5.0,0.4,9.2,0.6,5.0,4104.0,0.5,9800.0,243.0,92.0,,79.5,0.5,632.73,-2.1,-9.35,-20.9,8377.0,345000000.0,16000000.0,34650000.0,62.0,59586.0,58.0,10.4,0.0,9.6,40.9,2.7,5.0,1.3,89.0,132.0,25.36,5.5,100.0,3049.0,100.0,5.0,76.4,55.0,28.8,13.0,99.0,,11.8,1.02,43.0,70.0,45.0,109.0,97.0,103.0,12.7,107.3,113.9,43.4,5.9,8361.0,14.0,,,,,,,,,,,,,
Kazakhstan,6.188,KZ,KAZ,Asia,Kazakh,Electoral Autocracies,True,True,KZT,18754440,2724900.0,right,0.0,,,,74.0,,,,,,3.0,,,,,,20.8,79.8,,,,,,,,,,,,,1.3,,,,,,,93.0,,,,100.0,,,,,,,38.0,,,,,18.0,,,,,,,,,,,,,20330104.0,1.5,-4822.0,0.6,262.64,12918.9,5.1,4.8,14.7,0.1,0.2,,2.1
Cyprus,6.068,CY,CYP,Europe,Greek,Electoral Democracies,True,True,EUR,1207361,9251.0,left,0.0,8.6,31.3,,82.0,82.0,6.0,0.1,15.6,2.1,1.0,39044.0,1.8,57.0,31.0,67.0,,88.0,1.8,30.64,-0.8,-282831186.0,-4.07,,,,,68.0,67161.0,64.0,18.7,0.0,11.2,21.4,3.1,19.0,0.1,91.0,149.0,38.73,5.2,100.0,3476.0,100.0,,,,28.2,30.0,100.0,,8.6,0.98,14.0,,68.0,97.0,99.0,99.0,12.7,85.5,121.6,13.3,1.2,,6.0,,,,,,,,,,,,,
Japan,6.06,JP,JPN,Asia,Japanese,Liberal Democracies,True,True,JPY,125836021,377930.0,left,0.7,7.9,32.9,,84.0,94.0,1.0,,8.8,3.3,0.0,22335.0,0.4,8600.0,6559.0,92.0,216.2,90.9,1.2,4.45,-0.0,-69.11,162.09,18340.0,,,,63.0,84889.0,61.0,68.4,0.0,15.2,,3.3,17.0,137.6,85.0,168.0,38.55,3.1,100.0,7820.0,100.0,,,,,18.0,99.0,,13.9,1.0,10.0,40.0,4.0,102.0,,,7.5,94.6,104.8,12.7,1.0,263211.0,4.0,,,,,,,,,,,,,
South Korea,6.058,KR,KOR,Asia,Korean,Liberal Democracies,True,True,KRW,51780579,100210.0,right,0.0,7.5,32.9,,83.0,97.0,0.0,,3.6,3.0,1.0,4053.0,2.0,40000.0,438.0,81.0,51.2,91.5,2.8,1.74,1.8,8.43,19.36,6757.0,,,,64.0,89783.0,63.0,64.2,0.0,5.9,39.9,3.4,36.0,182.2,97.0,149.0,46.57,16.0,100.0,10497.0,100.0,,,,26.2,45.0,100.0,,2.5,1.0,19.0,82.0,8.0,99.0,99.0,96.0,,93.6,109.3,16.2,1.6,100381.0,9.0,,,,,,,,,,,,,
Philippines,6.048,PH,PHL,Asia,English,Electoral Autocracies,True,True,PHP,109581085,342353.0,right,3.0,6.5,40.7,37.0,72.0,81.0,17.0,0.3,28.0,4.6,4.0,934.0,0.4,2594000.0,1511.0,48.0,43.4,85.2,1.2,485.15,9.6,-47.2,-5.21,1.0,245180000.0,2.17,155480000.0,61.0,23105.0,60.0,24.3,0.0,3.7,28.9,3.1,64.0,6.4,75.0,144.0,6.54,2.9,94.8,675.0,59.0,9.0,73.5,43.0,,19.0,95.0,81.75,1.7,1.03,27.0,54.0,78.0,93.0,98.0,81.0,16.7,104.0,90.4,42.5,9.4,384.0,12.0,,,,,,,,,,,,,
Vietnam,6.043,VN,VNM,Asia,Vietnamese,Closed Autocracies,True,True,VND,97338583,331212.0,right,1.0,6.8,36.1,6.0,75.0,82.0,,0.3,24.2,15.9,2.0,19.0,0.9,68000.0,12038.0,39.0,,72.3,1.8,407.25,3.9,35.24,-20.05,3759.0,2.49,1.49,159140000.0,74.0,24236.0,73.0,47.2,0.0,2.9,29.2,3.3,43.0,39.5,78.0,140.0,22.68,6.9,100.0,1424.0,98.0,10.9,84.3,35.0,,23.0,98.0,88.71,0.6,,30.0,73.0,46.0,122.0,96.0,116.0,15.4,109.5,135.4,39.3,12.0,1516.0,31.0,,,,,,,,,,,,,
Portugal,6.03,PT,PRT,Europe,Portuguese,Electoral Democracies,True,True,EUR,10305564,92090.0,right,0.2,,,,82.0,,,,,,1.0,,,,,,,93.8,,,,,,,,,,,,,36.2,,,,,,,86.0,,,,100.0,,,,,,,16.0,,,,,36.0,,,,,,,,,,,,,10578174.0,1.4,29102.0,0.8,289.11,27331.2,2.5,6.5,4.3,0.5,30.6,93.0,3.4
Hungary,6.017,HU,HUN,Europe,Hungarian,Electoral Autocracies,True,True,HUF,9749763,93028.0,right,0.4,9.0,29.2,7.0,76.0,99.0,20.0,,15.3,0.0,1.0,63180.0,0.9,66.0,0.0,73.0,75.5,92.2,2.1,204.86,0.5,10.64,-1.68,11346.0,,,,61.0,80893.0,58.0,22.5,0.0,22.6,27.0,3.4,18.0,5.3,91.0,104.0,36.79,18.5,100.0,3966.0,100.0,,,89.0,25.1,78.0,100.0,,,0.99,14.0,62.0,15.0,103.0,99.0,97.0,10.4,62.8,99.6,55.6,4.7,5435.0,8.0,,,,,,,,,,,,,
Paraguay,5.977,PY,PRY,Americas,Guaraní,Electoral Democracies,True,True,PYG,7132530,406752.0,right,1.3,5.0,45.1,15.0,70.0,83.0,25.0,0.5,58.8,0.0,8.0,5991.0,0.9,16000.0,0.0,63.0,,75.6,0.9,41.58,3.5,808049552.0,-326706488.0,,,7180000.0,,71.0,33249.0,67.0,39.3,1.3,14.3,34.0,2.7,10.0,0.1,78.0,128.0,12.82,16.3,100.0,1688.0,69.0,10.4,62.0,80.0,23.7,2.0,100.0,80.15,,1.02,23.0,68.0,71.0,92.0,95.0,90.0,22.0,74.8,113.5,42.0,11.3,,22.0,,,,,,,,,,,,,
Thailand,5.976,TH,THA,Asia,Thai,Electoral Autocracies,True,True,THB,69799978,513120.0,left,0.0,,,,80.0,,,,,,5.0,,,,,,61.2,81.1,,,,,,,,,,,,,38.8,,,,,,,90.0,,,,99.9,,,,,,,26.0,,,,,19.0,,,,,,,,,,,,,71702435.0,-0.0,19648.0,0.6,514.97,7182.0,1.9,0.7,1.2,1.9,5.9,26.0,1.3
Malaysia,5.975,MY,MYS,Asia,English,Electoral Democracies,True,True,MYR,32365998,330803.0,left,0.0,5.9,40.7,,76.0,96.0,11.0,0.3,7.5,6.9,1.0,135872.0,0.8,206000.0,1731.0,79.0,60.2,80.4,0.9,388.1,2.7,20.44,46861438.0,818.0,47660000.0,1.54,2.52,66.0,66895.0,63.0,57.9,1.8,8.8,35.3,3.7,59.0,27.1,98.0,141.0,13.03,1.2,100.0,4526.0,84.0,,,77.0,,1.0,97.0,,5.6,1.04,14.0,52.0,21.0,99.0,96.0,99.0,17.1,97.9,99.7,26.1,7.8,929.0,23.0,,,,,,,,,,,,,
China,5.973,CN,CHN,Asia,Chinese,Closed Autocracies,True,True,CNY,1402112000,9706961.0,right,0.0,7.4,35.7,,79.0,97.0,4.0,,15.2,0.8,1.0,296.0,0.3,4702000.0,32990.0,65.0,,59.5,1.7,17.65,5.4,386.06,142.57,3018200.0,327400000.0,28.43,937080000.0,66.0,42292.0,63.0,23.8,0.0,14.7,14.7,3.6,27.0,181.5,77.0,125.0,44.73,5.1,100.0,3905.0,88.0,,,63.0,41.5,20.0,98.0,97.21,5.5,1.01,27.0,85.0,23.0,99.0,97.0,105.0,10.5,111.8,109.5,55.4,7.1,946499.0,17.0,,,,,,,,,,,,,
Honduras,5.968,HN,HND,Americas,Spanish,Electoral Democracies,True,True,HNL,9904608,112492.0,right,12.7,3.6,48.2,32.0,71.0,77.0,46.0,0.2,45.9,4.5,38.0,182.0,0.6,5800.0,40.0,60.0,,65.8,1.6,31.87,2.5,-8.09,-856785448.0,,75600000.0,209000000.0,207900000.0,57.0,17397.0,54.0,56.5,0.0,11.0,37.4,3.0,1.0,,60.0,76.0,4.47,3.3,94.4,612.0,50.0,10.5,73.3,14.0,18.4,2.0,96.0,84.96,4.6,1.07,27.0,69.0,72.0,87.0,89.0,76.0,15.4,102.3,117.4,32.0,12.0,,16.0,,,,,,,,,,,,,
Bahrain,5.959,BH,BHR,Asia,Arabic,Closed Autocracies,True,True,BHD,1701583,765.0,right,,,,,79.0,99.0,,,0.0,33.8,0.0,254.0,2.3,,108.0,90.0,111.6,51.6,3.1,43.47,-2.2,7.97,-5.73,,,,,71.0,100808.0,70.0,0.9,0.0,20.5,,3.1,0.0,0.9,100.0,145.0,17.05,0.0,100.0,19918.0,100.0,,,,,3878.0,100.0,,21.1,1.04,20.0,53.0,16.0,94.0,98.0,89.0,9.3,106.9,134.4,10.3,0.3,,5.0,,,,,,,,,,,,,
Croatia,5.942,HR,HRV,Europe,Croatian,Electoral Democracies,True,True,EUR,4047200,56594.0,right,0.3,8.2,28.9,,78.0,90.0,0.0,0.1,34.1,1.6,1.0,25029.0,1.2,86.0,66.0,59.0,83.0,87.0,1.8,84.1,3.2,-1.75,-1.97,3172.0,,,,52.0,97541.0,49.0,34.7,0.2,23.9,30.9,3.6,11.0,0.3,83.0,111.0,28.47,11.9,100.0,3747.0,100.0,,,71.0,27.8,2.0,99.0,,9.0,1.04,32.0,,5.0,101.0,99.0,100.0,10.7,85.2,97.8,25.9,3.4,540.0,8.0,,,,,,,,,,,,,
Greece,5.934,GR,GRC,Europe,Greek,Electoral Democracies,True,True,EUR,10715549,131990.0,right,0.6,7.1,32.9,,81.0,97.0,2.0,0.2,21.5,3.4,1.0,192384.0,3.2,91000.0,209.0,81.0,202.1,90.6,3.2,238.67,5.2,-12.02,-671368461.0,579.0,,,,52.0,92449.0,46.0,30.3,0.0,11.0,22.9,3.8,15.0,8.5,85.0,109.0,43.71,6.2,100.0,5063.0,100.0,,,,29.0,18.0,100.0,,4.5,0.98,23.0,,8.0,101.0,94.0,99.0,7.1,94.2,100.1,44.3,3.3,653.0,8.0,,,,,,,,,,,,,
Bosnia and Herzegovina,5.877,BA,BIH,Europe,Bosnian,Electoral Democracies,True,True,BAM,3280815,51209.0,right,0.1,7.5,33.0,4.0,75.0,55.0,2.0,,36.6,0.0,1.0,348.0,0.8,120.0,0.0,50.0,40.4,69.4,0.8,27.36,3.6,-3.24,-934281757.0,1040.0,78780000.0,,,49.0,51750.0,44.0,42.7,0.0,4.1,38.0,3.1,5.0,,83.0,118.0,28.51,4.3,100.0,3367.0,41.0,10.6,92.1,50.0,40.2,1.0,96.0,97.26,0.0,,19.0,46.0,6.0,87.0,98.0,86.0,10.4,128.1,83.8,44.2,4.7,15.0,14.0,,,,,,,,,,,,,
Libya,5.866,LY,LBY,Africa,Arabic,Closed Autocracies,True,True,LYD,6871287,1759540.0,right,,,,,72.0,73.0,,0.2,3.1,0.5,,1837.0,0.0,53000.0,238.0,82.0,,33.1,15.5,45.31,10.1,6.97,-377600000.0,,,,,49.0,43916.0,39.0,0.1,0.1,0.2,,2.0,1.0,,88.0,205.0,4.52,0.0,70.0,1793.0,,,,,,817.0,100.0,,0.6,1.06,16.0,28.0,72.0,107.0,,,,98.3,120.5,8.7,1.8,,21.0,,,,,,,,,,,,,
Jamaica,5.842,JM,JAM,Americas,English,Electoral Democracies,True,True,JMD,2961161,10991.0,left,0.3,5.7,40.2,,71.0,93.0,3.0,1.3,10.5,4.8,52.0,31.0,0.4,16.0,117.0,57.0,106.3,67.4,1.2,19.13,1.8,-2.59,-380413918.0,,24300000.0,110000000.0,,68.0,19608.0,65.0,55.8,0.1,1.6,44.2,2.4,3.0,1.1,85.0,106.0,15.79,0.6,100.0,1081.0,73.0,6.2,79.2,53.0,,12.0,91.0,66.65,0.8,1.03,29.0,73.0,99.0,84.0,,79.0,16.9,111.7,114.9,38.5,9.0,,15.0,,,,,,,,,,,,,
Peru,5.841,PE,PER,Americas,Aymara,Electoral Democracies,True,True,PEN,32971846,1285216.0,right,2.7,5.7,40.3,34.0,73.0,84.0,4.0,0.4,30.6,0.3,6.0,6712.0,0.9,188000.0,59.0,79.0,35.2,76.5,1.1,253.42,-0.1,10.34,-2.44,,868400000.0,800000000.0,121400000.0,73.0,29250.0,69.0,56.2,0.1,16.8,54.0,3.1,5.0,0.6,75.0,122.0,10.42,7.2,96.2,1345.0,88.0,22.6,88.6,90.0,9.7,2.0,95.0,,8.0,0.96,39.0,77.0,69.0,107.0,94.0,104.0,18.9,130.7,123.1,19.1,7.2,,14.0,,,,,,,,,,,,,
Dominican Republic,5.823,DO,DOM,Americas,Spanish,Electoral Democracies,True,True,DOP,10847904,48671.0,right,0.8,6.6,37.0,11.0,74.0,94.0,6.0,1.0,14.8,2.4,11.0,778.0,1.5,41000.0,70.0,84.0,,74.1,0.7,116.01,0.7,-8.61,-4.39,,310000000.0,73400000.0,,64.0,52034.0,61.0,44.8,0.0,18.7,38.6,2.4,6.0,,84.0,90.0,11.13,2.3,98.1,1592.0,93.0,13.2,41.4,50.0,0.8,30.0,97.0,48.32,17.3,1.02,28.0,63.0,107.0,95.0,96.0,85.0,22.0,136.2,111.4,50.4,6.4,,65.0,,,,,,,,,,,,,
Moldova,5.816,MD,MDA,Europe,Romanian,Electoral Democracies,True,True,MDL,2617820,33846.0,right,0.0,10.1,25.7,7.0,69.0,85.0,1.0,0.9,21.4,0.0,3.0,120947.0,0.4,200.0,0.0,43.0,34.5,86.1,0.5,16.81,5.0,-3.97,-341590000.0,665.0,,60000000.0,,71.0,28491.0,70.0,11.8,0.0,11.4,13.8,2.7,3.0,,64.0,127.0,27.42,0.8,100.0,1725.0,98.0,29.0,97.4,60.0,29.4,52.0,92.0,86.98,,0.99,39.0,56.0,12.0,107.0,100.0,104.0,15.8,93.0,76.2,67.8,7.6,23.0,7.0,,,,,,,,,,,,,
Mauritius,5.816,MU,MUS,Africa,English,Electoral Autocracies,True,True,MUR,1265740,2040.0,left,0.1,7.2,36.8,,74.0,96.0,9.0,,8.6,3.5,3.0,5.0,0.5,2300.0,17.0,41.0,58.0,78.3,0.2,15.0,5.4,-2.53,423883757.0,,69500000.0,383000000.0,,56.0,59615.0,53.0,19.5,0.0,0.0,34.8,1.9,1.0,1.9,76.0,161.0,26.91,0.8,100.0,2182.0,99.0,,,52.0,6.6,22.0,100.0,,0.0,1.04,20.0,64.0,84.0,111.0,92.0,90.0,12.2,67.8,119.4,43.1,3.9,,12.0,,,,,,,,,,,,,
Russia,5.785,RU,RUS,Europe,Russian,Electoral Autocracies,True,True,RUB,144104080,17098242.0,right,0.2,6.9,35.1,,73.0,97.0,11.0,,3.5,0.7,7.0,1230131.0,2.0,15000.0,581.0,75.0,19.5,82.9,5.9,1.99,4.7,86.34,20.75,2638562.0,101020000.0,109000000.0,1.2,62.0,81990.0,60.0,49.8,0.0,8.6,33.8,2.3,10.0,8.9,92.0,169.0,24.63,8.2,100.0,6584.0,99.0,,,78.0,14.8,2.0,97.0,,2.2,0.98,16.0,68.0,14.0,98.0,100.0,100.0,8.9,133.7,116.9,13.2,3.3,103447.0,12.0,,,,,,,,,,,,,
Bolivia,5.784,BO,BOL,Americas,Aymara,Electoral Democracies,True,True,BOB,11673029,1098581.0,right,2.0,5.3,40.9,47.0,65.0,68.0,14.0,0.4,12.8,0.0,3.0,1117.0,1.2,3800.0,0.0,71.0,68.3,72.5,1.4,43.87,1.8,-1.08,-37147838.0,,77500000.0,,,78.0,18544.0,76.0,46.5,0.0,30.9,37.0,2.5,8.0,,73.0,100.0,11.0,2.0,99.9,733.0,89.0,13.9,90.0,98.0,7.0,1.0,94.0,26.99,,0.99,46.0,67.0,161.0,99.0,94.0,96.0,23.1,111.7,120.5,35.8,13.5,,21.0,,,,,,,,,,,,,
Ecuador,5.725,EC,ECU,Americas,Spanish,Electoral Democracies,True,True,USD,17643060,276841.0,right,3.8,4.7,44.6,58.0,78.0,74.0,18.0,0.4,18.9,1.3,14.0,62899.0,0.5,16000.0,150.0,65.0,,79.1,2.3,116.2,0.9,109806010.0,-383006349.0,,111400000.0,260000000.0,26490000.0,64.0,31013.0,62.0,49.8,0.0,20.0,35.6,2.75,7.0,0.0,73.0,97.0,16.07,6.2,100.0,1369.0,95.0,5.6,93.2,46.0,16.1,2.0,96.0,87.23,19.1,1.02,43.0,78.0,66.0,97.0,94.0,100.0,9.7,100.0,93.9,21.5,7.7,,20.0,,,,,,,,,,,,,
Kyrgyzstan,5.714,KG,KGZ,Asia,Kyrgyz,Electoral Autocracies,True,True,KGS,6591600,199951.0,right,0.3,10.0,26.4,2.0,72.0,96.0,44.0,0.3,27.6,0.0,2.0,27790.0,0.7,39.0,0.0,38.0,44.0,76.8,3.6,13.79,5.2,-7.03,-509461000.0,1003.0,,,,65.0,15134.0,63.0,7.0,0.0,6.7,13.3,2.4,19.0,,80.0,130.0,6.45,22.7,99.7,1918.0,77.0,41.1,96.3,55.0,15.1,16.0,91.0,98.28,,1.0,20.0,39.0,50.0,96.0,100.0,93.0,21.0,106.8,118.5,55.3,9.7,21.0,13.0,,,,,,,,,,,,,
Montenegro,5.707,ME,MNE,Europe,Montenegrin,Electoral Democracies,True,True,EUR,621718,13812.0,right,2.0,,,,76.0,,,,,,2.0,,,,,,,74.9,,,,,,,,,,,,,61.5,,,,,,,88.0,,,,100.0,,,,,,,,,,,,21.0,,,,,,,,,,,,,616177.0,-0.2,12000.0,0.6,7.53,12221.5,6.3,14.6,8.6,10.7,0.0,57.0,7.0
Mongolia,5.696,MN,MNG,Asia,Mongolian,Electoral Democracies,True,True,MNT,3278292,1564110.0,right,0.2,8.2,31.4,18.0,73.0,96.0,10.0,0.1,3.0,0.0,6.0,10.0,1.3,3900.0,0.0,69.0,67.6,84.0,0.6,18.1,5.3,1.96,-2.17,18345.0,18700000.0,,,61.0,41680.0,58.0,9.1,0.0,19.8,47.9,2.5,31.0,,84.0,142.0,14.55,0.3,100.0,1991.0,54.0,14.7,97.6,91.0,19.0,1.0,84.0,86.38,,1.0,17.0,48.0,39.0,96.0,99.0,95.0,10.0,122.9,159.4,71.9,9.9,91.0,21.0,,,,,,,,,,,,,
Colombia,5.695,CO,COL,Americas,Spanish,Electoral Democracies,True,True,COP,50882884,1141748.0,right,6.0,3.2,54.8,10.0,74.0,93.0,15.0,0.5,29.7,1.1,27.0,1382.0,1.7,351000.0,130.0,82.0,70.1,87.3,2.9,359.77,0.7,-7.96,-15.97,,765330000.0,2.07,129000000.0,64.0,40035.0,58.0,52.9,0.0,16.7,38.5,3.0,9.0,1.9,73.0,156.0,17.04,9.2,100.0,1324.0,94.0,5.6,70.0,32.0,14.8,1.0,98.0,70.15,17.1,1.01,29.0,81.0,75.0,105.0,96.0,97.0,,111.6,110.3,37.6,8.7,,15.0,,,,,,,,,,,,,
Venezuela,5.607,VE,VEN,Americas,Spanish,Electoral Autocracies,True,True,VES,28435943,916445.0,right,7.1,4.3,44.7,26.0,71.0,68.0,9.0,0.5,33.7,1.6,19.0,29336.0,3.2,730.0,328.0,88.0,,39.4,0.5,476.93,-2.3,2.87,-27000000.0,81.0,60000000.0,34000000.0,15000000.0,53.0,,50.0,52.3,0.0,39.0,35.3,2.0,,0.1,62.0,63.0,9.58,8.2,100.0,2700.0,95.0,3.9,46.7,15.0,,3.0,93.0,,4.4,1.02,22.0,75.0,259.0,108.0,98.0,101.0,0.0,93.9,87.2,24.4,5.0,,39.0,,,,,,,,,,,,,
Indonesia,5.568,ID,IDN,Asia,Indonesian,Electoral Democracies,True,True,IDR,273523621,1904569.0,left,1.8,7.9,36.1,19.0,68.0,82.0,17.0,0.3,20.2,7.7,1.0,8450.0,0.5,238000.0,5029.0,59.0,45.3,81.4,0.7,1.34,4.4,28.22,-14.98,15573.0,150000000.0,93300000.0,116740000.0,67.0,28577.0,65.0,48.0,0.0,5.3,28.6,3.0,9.0,14.8,69.0,115.0,4.82,0.8,100.0,1084.0,89.0,3.7,82.0,56.0,2.8,11.0,94.0,78.99,3.1,0.99,22.0,64.0,173.0,100.0,96.0,102.0,13.9,111.4,190.0,29.8,12.5,29066.0,11.0,,,,,,,,,,,,,
Bulgaria,5.463,BG,BGR,Europe,Bulgarian,Electoral Democracies,True,True,BGN,6927288,110879.0,right,0.7,6.1,39.0,,74.0,92.0,5.0,0.1,20.4,0.1,1.0,97618.0,1.1,250.0,38.0,77.0,30.2,88.4,1.8,97.4,5.6,4.22,-2.85,4658.0,106390000.0,890020000.0,152000000.0,57.0,71237.0,54.0,36.1,0.0,33.1,29.4,3.0,12.0,0.4,80.0,117.0,36.08,25.8,100.0,4709.0,,,,74.0,22.5,24.0,99.0,,8.1,0.98,24.0,70.0,7.0,96.0,98.0,96.0,10.6,102.7,89.2,46.3,2.5,1205.0,9.0,,,,,,,,,,,,,
Armenia,5.455,AM,ARM,Asia,Armenian,Electoral Democracies,True,True,AMD,2963234,29743.0,right,0.8,9.2,27.9,8.0,73.0,96.0,19.0,0.3,9.1,0.0,2.0,150080.0,3.2,,0.0,64.0,46.6,85.0,5.5,23.43,7.5,-193722388.0,-526510467.0,840.0,37000000.0,101000000.0,200000000.0,62.0,44414.0,54.0,11.5,0.3,24.7,23.1,2.2,21.0,0.0,77.0,135.0,18.55,25.7,100.0,1896.0,98.0,9.9,97.5,65.0,0.7,43.0,100.0,94.42,,1.02,36.0,57.0,27.0,94.0,100.0,93.0,9.7,73.7,100.0,58.1,8.5,55.0,20.0,,,,,,,,,,,,,
South Africa,5.422,ZA,ZAF,Africa,Afrikaans,Electoral Democracies,True,True,ZAR,59308690,1221037.0,left,20.5,2.4,63.0,24.0,61.0,80.0,12.0,17.8,9.7,0.1,42.0,67145.0,0.4,20000.0,99.0,69.0,76.2,82.4,0.7,375.53,-1.3,1.22,-6.25,113342.0,1.84,13500000.0,31300000.0,59.0,46605.0,40.0,14.0,0.0,12.7,15.4,3.6,5.0,57.5,75.0,167.0,3.41,2.7,86.5,4119.0,89.0,,,79.0,1.8,47.0,94.0,44.37,15.5,1.01,46.0,55.0,127.0,96.0,90.0,92.0,18.6,124.1,103.2,79.4,2.6,3502.0,22.0,,,,,,,,,,,,,
North Macedonia,5.369,MK,MKD,Europe,Macedonian,Electoral Democracies,True,True,MKD,2077132,25713.0,right,2.7,5.8,33.5,,74.0,73.0,,0.1,19.5,0.0,1.0,18898.0,2.0,80.0,0.0,59.0,,85.3,1.7,14.96,1.3,-2.06,-527928904.0,375.0,75040000.0,295000000.0,,53.0,61593.0,46.0,39.7,0.0,15.4,30.5,2.8,5.0,,84.0,98.0,28.0,5.5,100.0,3789.0,81.0,19.8,72.7,,32.3,29.0,98.0,,,0.99,43.0,60.0,3.0,97.0,98.0,93.0,8.6,102.7,93.2,49.8,6.6,25.0,5.0,,,,,,,,,,,,,
Algeria,5.364,DZ,DZA,Africa,Arabic,Electoral Autocracies,True,True,DZD,44700000,2381741.0,right,0.0,9.4,27.6,13.0,77.0,99.0,11.0,0.1,0.1,0.0,2.0,98590.0,2.7,23000.0,165.0,75.0,,62.7,8.2,244.04,3.8,7.3,-1.13,908.0,30300000.0,108000000.0,468000000.0,41.0,60159.0,36.0,0.8,0.0,4.4,8.9,3.0,1.0,,71.0,109.0,12.01,0.0,100.0,1353.0,100.0,7.5,85.6,,,87.0,95.0,84.8,0.1,0.99,8.0,54.0,78.0,109.0,81.0,100.0,13.3,118.2,98.1,17.3,13.1,348.0,21.0,,,,,,,,,,,,,
Hong Kong,5.316,HK,HKG,Asia,English,,False,False,HKD,7500700,1104.0,left,,,,,84.0,,,,0.4,13.3,0.0,301.0,,1300.0,72.0,100.0,,,,415.0,2.1,2.76,-8.4,,,,,57.0,129600.0,56.0,,,48.9,24.0,4.0,72.0,794.3,96.0,292.0,39.88,0.1,100.0,6083.0,,,,,,,100.0,,0.0,1.02,,67.0,,101.0,,86.0,14.9,101.5,150.0,3.8,0.0,,,,,,,,,,,,,,,
Albania,5.304,AL,ALB,Europe,Albanian,Electoral Democracies,True,True,ALL,2837743,28748.0,right,0.0,8.4,29.4,3.0,77.0,83.0,3.0,0.1,41.9,3.8,2.0,5079.0,0.6,13.0,66.0,65.0,81.9,85.1,1.7,23.25,5.6,-1.28,-1.36,25.0,124000000.0,124800000.0,8000000.0,60.0,39888.0,54.0,28.8,0.1,14.2,21.5,2.8,0.0,,83.0,98.0,22.47,24.5,100.0,2309.0,85.0,5.5,94.3,49.0,19.7,3.0,95.0,,2.8,1.03,36.0,46.0,8.0,94.0,99.0,95.0,9.8,121.7,83.7,41.4,16.2,1.0,12.0,,,,,,,,,,,,,
Tajikistan,5.281,TJ,TJK,Asia,Russian,Electoral Autocracies,True,True,TJS,9537642,143100.0,right,6.1,7.4,34.0,17.0,71.0,98.0,68.0,0.2,34.9,0.0,1.0,10092.0,0.7,5100.0,0.0,28.0,79.8,48.6,1.2,15.14,10.4,-3.83,-100542667.0,274.0,220000000.0,4500000.0,,41.0,19312.0,36.0,3.1,0.6,22.3,8.3,2.5,2.0,,36.0,119.0,0.06,37.5,100.0,1469.0,86.0,8.9,71.3,39.0,15.1,17.0,82.0,72.95,,0.93,27.0,29.0,17.0,101.0,100.0,90.0,21.4,131.3,185.9,28.1,22.9,22.0,16.0,,,,,,,,,,,,,
Republic of the Congo,5.221,CG,COG,Africa,French,Electoral Autocracies,True,True,XAF,5657000,342000.0,right,35.4,,,,63.0,,,,,,,,,,,,25.5,43.2,,,,,,,,,,,,,64.2,,,,,,,36.0,,,,50.6,,,,,,,0.0,,,,,15.0,,,,,,,,,,,,,6182885.0,2.4,-995.0,0.4,15.32,2478.0,1.9,19.9,4.3,0.3,0.0,,0.2
Mozambique,5.216,MZ,MOZ,Africa,Portuguese,Electoral Autocracies,True,True,MZN,31255435,801590.0,left,74.5,4.6,50.3,55.0,60.0,65.0,,11.6,76.9,2.1,4.0,5152.0,0.1,655000.0,127.0,39.0,76.6,60.8,1.7,19.12,0.8,-1.89,-2.51,1193.0,129600000.0,80000000.0,,79.0,3591.0,76.0,46.1,0.0,18.0,11.4,3.06,3.0,,21.0,42.0,0.2,9.2,33.2,488.0,6.0,27.4,90.4,6.0,0.2,1.0,63.0,12.23,2.1,0.94,43.0,27.0,127.0,120.0,60.0,58.0,18.8,157.5,153.3,52.7,25.9,247.0,30.0,,,,,,,,,,,,,
Georgia,5.185,GE,GEO,Asia,Georgian,Electoral Democracies,True,True,GEL,3714000,69700.0,right,4.3,7.0,33.5,7.0,72.0,95.0,3.0,0.3,25.2,1.4,2.0,26019.0,1.4,850.0,56.0,61.0,43.0,89.3,1.7,28.39,6.7,-2.64,-1.61,3322.0,65000000.0,93000000.0,25000000.0,63.0,51270.0,56.0,40.6,0.1,8.5,35.3,2.7,4.0,,82.0,156.0,28.95,15.7,100.0,2694.0,92.0,31.8,77.0,66.0,14.9,3.0,95.0,91.76,0.7,1.01,18.0,39.0,28.0,103.0,100.0,107.0,12.2,119.4,105.7,34.3,6.0,273.0,12.0,,,,,,,,,,,,,
Iraq,5.166,IQ,IRQ,Asia,Arabic,Electoral Autocracies,True,True,IQD,40222503,438317.0,right,0.1,8.8,29.5,49.0,71.0,97.0,26.0,0.1,1.1,2.9,9.0,286480.0,4.5,36000.0,251.0,72.0,27.4,57.8,2.1,251.82,5.8,26.67,5.65,249.0,500000000.0,200000000.0,,41.0,57989.0,35.0,1.9,0.0,1.5,0.9,2.5,,,79.0,98.0,17.23,0.3,100.0,1251.0,99.0,6.4,81.2,84.0,0.0,121.0,98.0,97.39,0.0,0.81,29.0,53.0,76.0,104.0,86.0,63.0,,104.2,112.0,21.8,2.8,100.0,27.0,,,,,,,,,,,,,
Nepal,5.158,NP,NPL,Asia,Nepali,Electoral Democracies,True,True,NPR,29136808,147181.0,left,0.4,8.7,30.0,40.0,70.0,93.0,58.0,0.1,73.7,0.0,2.0,19582.0,1.4,110000.0,0.0,22.0,39.9,64.0,1.1,41.39,2.6,-11.08,-74821496.0,,858740000.0,350000000.0,,40.0,19166.0,36.0,41.6,0.5,23.6,33.4,2.36,1.0,,50.0,127.0,4.83,5.2,91.3,142.0,40.0,42.8,92.3,43.0,,5.0,91.0,63.54,,0.95,33.0,47.0,174.0,123.0,71.0,115.0,12.8,116.7,144.4,26.1,21.2,,16.0,,,,,,,,,,,,,
Laos,5.139,LA,LAO,Asia,Lao,Closed Autocracies,True,True,LAK,7275556,236800.0,right,7.1,7.0,38.8,22.0,69.0,80.0,21.0,0.4,49.2,0.0,,,4.1,1100.0,0.0,38.0,,60.9,0.2,14.69,5.2,1.1,-1.78,,959000000.0,91500000.0,,66.0,18493.0,65.0,71.6,1.6,18.7,8.6,2.3,7.0,,66.0,65.0,2.43,,100.0,,10.0,8.6,80.0,2.0,,4.0,85.0,55.81,,0.96,22.0,56.0,126.0,97.0,88.0,90.0,9.8,113.7,183.2,9.8,16.1,,18.0,,,,,,,,,,,,,
Gabon,5.106,GA,GAB,Africa,French,Closed Autocracies,True,True,XAF,2225728,267668.0,right,2.5,6.0,38.0,44.0,66.0,66.0,16.0,2.9,91.3,1.4,,204.0,1.0,900.0,37.0,91.0,,46.8,1.2,18.42,12.2,340696877.0,-25253212.0,409.0,152380000.0,222030000.0,183180000.0,51.0,72206.0,41.0,91.2,3.1,25.1,6.3,2.6,2.0,,74.0,125.0,3.3,1.2,93.5,1112.0,91.0,24.0,78.5,48.0,1.6,0.0,87.0,,28.8,1.02,24.0,31.0,227.0,100.0,86.0,82.0,13.6,106.2,104.1,8.4,6.5,87.0,24.0,,,,,,,,,,,,,
Ivory Coast,5.08,CI,CIV,Africa,French,Electoral Autocracies,True,True,XOF,26378275,322463.0,right,9.7,7.6,35.3,53.0,59.0,70.0,100.0,1.8,58.2,0.5,,2370.0,0.2,1200.0,113.0,53.0,,68.9,0.9,75.7,2.7,-2.74,-1.43,675.0,416180000.0,175600000.0,192310000.0,67.0,16930.0,65.0,8.2,0.0,14.9,38.4,3.21,4.0,0.3,38.0,174.0,1.36,0.8,70.4,254.0,43.0,36.5,85.6,27.0,,2.0,73.0,21.81,0.1,0.92,14.0,26.0,480.0,102.0,50.0,80.0,15.9,133.3,116.9,84.2,14.4,10.0,24.0,,,,,,,,,,,,,
Guinea,5.023,GN,GIN,Africa,French,Closed Autocracies,True,True,GNF,13132792,245857.0,right,13.8,8.5,29.6,49.0,59.0,47.0,58.0,1.4,66.6,1.4,,2191.0,0.3,35000.0,87.0,38.0,,49.7,2.1,20.27,-3.2,3.64,-1.29,,76500000.0,133000000.0,,52.0,13564.0,50.0,24.9,5.1,26.1,9.2,2.2,1.0,,34.0,102.0,0.01,,47.7,,1.0,38.1,85.2,4.0,,0.0,71.0,20.64,0.5,0.8,30.0,11.0,553.0,98.0,45.0,63.0,10.0,150.0,108.7,70.0,29.1,,30.0,,,,,,,,,,,,,
Turkey,4.975,TR,TUR,Asia,Turkish,Electoral Autocracies,True,True,TRY,84339067,783562.0,right,0.4,5.2,44.4,14.0,78.0,95.0,,,12.0,0.6,3.0,3251127.0,1.6,4053000.0,643.0,77.0,35.2,86.7,1.5,1.11,,-29.64,-4.99,15900.0,502000000.0,30000000.0,,53.0,90714.0,48.0,29.3,0.0,5.7,28.7,3.4,5.0,98.6,86.0,106.0,22.46,6.7,100.0,2849.0,95.0,2.6,63.8,49.0,20.4,26.0,97.0,,1.8,0.98,20.0,70.0,17.0,102.0,97.0,102.0,8.8,125.3,137.3,50.0,6.2,10683.0,7.0,,,,,,,,,,,,,
Senegal,4.969,SN,SEN,Africa,French,Electoral Democracies,True,True,XOF,16743930,196722.0,right,9.9,7.3,36.2,32.0,68.0,76.0,28.0,0.3,35.4,4.3,0.0,11856.0,0.4,12000.0,165.0,50.0,,77.2,1.5,29.82,2.0,-5.5,-2.54,384.0,162530000.0,1.12,33000000.0,50.0,14391.0,49.0,41.5,0.0,15.5,19.2,2.36,2.0,,60.0,120.0,1.97,0.6,67.9,230.0,32.0,25.1,85.5,39.0,3.6,12.0,86.0,22.25,1.9,1.18,46.0,27.0,261.0,83.0,58.0,61.0,22.5,189.9,144.3,49.4,17.4,129.0,24.0,,,,,,,,,,,,,
Iran,4.923,IR,IRN,Asia,Persian (Farsi),Closed Autocracies,True,True,IRR,83992953,1648195.0,right,0.5,7.2,34.8,,75.0,99.0,44.0,0.1,0.9,0.8,2.0,3764517.0,2.4,124000.0,260.0,77.0,,63.0,2.1,404.15,2.2,12.22,-39000000.0,32920.0,94500000.0,235000000.0,,41.0,55920.0,37.0,6.6,0.0,7.7,,2.4,0.0,60.1,82.0,165.0,12.02,0.9,100.0,2872.0,96.0,,,9.0,18.7,72.0,98.0,,0.8,1.03,6.0,77.0,22.0,104.0,89.0,98.0,18.8,77.4,99.8,29.0,12.8,11231.0,22.0,,,,,,,,,,,,,
Azerbaijan,4.893,AZ,AZE,Asia,Azerbaijani,Electoral Autocracies,True,True,AZN,10110116,86600.0,right,0.0,10.8,26.6,27.0,73.0,96.0,23.0,0.1,1.3,0.0,2.0,5771.0,1.6,1700.0,0.0,58.0,16.8,66.8,4.6,69.28,2.5,10.47,1.62,5316.0,550000000.0,,,64.0,45667.0,60.0,14.0,0.0,5.5,0.0,2.57,4.0,0.0,88.0,107.0,20.88,0.6,100.0,2202.0,99.0,5.2,92.1,65.0,10.3,160.0,98.0,89.3,0.4,0.99,19.0,55.0,41.0,102.0,100.0,96.0,10.8,144.9,121.3,57.8,5.5,104.0,7.0,,,,,,,,,,,,,
Nigeria,4.881,NG,NGA,Africa,English,Electoral Autocracies,True,True,NGN,206139587,923768.0,right,30.9,7.1,35.1,49.0,54.0,60.0,,,80.3,2.1,22.0,69940.0,0.2,166000.0,989.0,54.0,,60.9,0.8,352.91,,-5.16,-1.62,77.0,40000000.0,68000000.0,,83.0,11934.0,80.0,23.4,0.0,11.6,6.9,2.5,4.0,0.5,35.0,102.0,0.05,0.3,60.5,137.0,26.0,35.1,84.2,21.0,,6.0,80.0,31.08,0.0,0.97,4.0,17.0,1047.0,87.0,63.0,73.0,4.4,120.9,112.9,76.6,22.7,174.0,21.0,,,,,,,,,,,,,
Palestine,4.879,PS,PSE,Asia,Arabic,,False,False,EGP,4803269,6220.0,right,0.5,7.3,33.7,20.0,73.0,89.0,,,15.4,0.1,1.0,2482144.0,0.0,250.0,7.0,78.0,,80.7,,20.66,-11.5,-8.22,-100376299.0,,150000000.0,,,45.0,27596.0,34.0,1.7,,8.4,1.4,,1.0,2.5,87.0,78.0,7.97,,100.0,,,,,24.0,,41.0,98.0,94.92,,1.05,,57.0,20.0,92.0,98.0,91.0,,116.8,104.6,64.9,5.7,,5.0,,,,,,,,,,,,,
Cameroon,4.874,CM,CMR,Africa,English,Electoral Autocracies,True,True,XAF,26545864,475442.0,right,23.0,5.4,42.2,33.0,61.0,71.0,54.0,2.6,79.2,0.5,5.0,485285.0,0.3,2900.0,50.0,59.0,,58.5,0.9,48.34,1.2,-1.12,-898335371.0,874.0,1.37,52500000.0,,66.0,13221.0,63.0,42.8,2.6,11.0,15.8,2.2,2.0,,44.0,83.0,2.18,4.6,71.0,283.0,29.0,62.0,68.3,5.0,1.6,0.0,70.0,36.71,10.9,0.89,34.0,19.0,438.0,113.0,78.0,71.0,13.1,108.5,110.5,20.6,17.3,225.0,30.0,,,,,,,,,,,,,
Ukraine,4.873,UA,UKR,Europe,Ukrainian,Electoral Autocracies,True,True,UAH,44134693,603500.0,right,0.0,10.0,25.6,1.0,69.0,92.0,6.0,,8.9,0.8,4.0,2512.0,1.4,600.0,223.0,70.0,58.7,78.7,36.7,183.76,12.1,-37.74,-4.68,175587.0,1.45,120000000.0,102000000.0,55.0,40308.0,49.0,16.7,0.0,12.3,16.3,2.8,7.0,0.0,79.0,135.0,19.68,22.5,100.0,3366.0,95.0,5.0,84.6,62.0,19.4,17.0,94.0,,9.2,1.0,20.0,66.0,17.0,93.0,100.0,89.0,8.5,90.1,81.2,71.3,7.4,10696.0,10.0,,,,,,,,,,,,,
Namibia,4.832,,NAM,Africa,Afrikaans,Electoral Democracies,True,True,NAD,2540916,825615.0,left,15.6,2.8,59.1,41.0,58.0,86.0,12.0,11.0,30.0,0.2,12.0,5157.0,1.6,650.0,3.0,55.0,117.5,58.7,2.7,11.78,0.5,-2.59,-2.6,,70000000.0,,,59.0,33746.0,48.0,7.9,0.9,23.2,33.5,3.0,0.0,0.3,62.0,113.0,3.52,17.8,56.2,1625.0,47.0,,,44.0,0.8,5.0,86.0,44.6,1.7,1.01,44.0,56.0,215.0,134.0,92.0,100.0,25.0,116.3,91.3,47.1,7.7,,35.0,,,,,,,,,,,,,
Morocco,4.795,MA,MAR,Africa,Arabic,Closed Autocracies,True,True,MAD,36910558,446550.0,right,1.4,,,,75.0,,,,,,2.0,,,,,,51.2,75.4,,,,,,,,,,,,,12.9,,,,,,,90.0,,,,100.0,,,,,,,36.0,,,,,24.0,,,,,,,,,,,,,37712505.0,1.0,-39650.0,0.5,144.42,3771.4,3.4,9.0,6.1,8.1,8.2,61.0,0.8
Pakistan,4.657,PK,PAK,Asia,English,Electoral Autocracies,True,True,PKR,220892331,881912.0,left,4.9,9.6,29.6,56.0,66.0,84.0,34.0,0.2,41.6,1.3,4.0,1988231.0,1.3,732000.0,70.0,38.0,55.0,68.6,2.8,332.15,-2.0,-21.65,-2.02,8080.0,100000000.0,240000000.0,,53.0,17372.0,50.0,4.7,0.1,9.8,5.5,2.63,2.0,2.0,33.0,82.0,1.36,4.0,95.0,408.0,53.0,13.0,75.1,22.0,,480.0,91.0,84.69,0.8,0.88,20.0,34.0,154.0,83.0,58.0,68.0,8.3,104.1,125.3,46.6,23.3,24903.0,13.0,,,,,,,,,,,,,
Niger,4.556,NE,NER,Africa,French,Closed Autocracies,True,True,XOF,24206636,1267000.0,right,50.6,8.7,32.9,70.0,62.0,80.0,86.0,0.2,79.6,0.0,4.0,269996.0,0.1,95000.0,0.0,17.0,,68.9,2.1,16.18,2.6,-2.82,-957256455.0,,,,3400000.0,73.0,4433.0,72.0,0.8,0.0,18.2,22.1,2.0,9.0,,17.0,56.0,0.05,0.0,19.5,51.0,6.0,48.5,70.8,33.0,,74.0,49.0,24.62,,0.84,26.0,11.0,441.0,69.0,38.0,48.0,12.8,137.9,115.4,36.8,47.8,,26.0,,,,,,,,,,,,,
Burkina Faso,4.548,BF,BFA,Africa,French,Closed Autocracies,True,True,XOF,20903278,272967.0,right,25.3,7.3,37.4,27.0,60.0,94.0,56.0,0.6,71.4,0.0,1.0,37735.0,0.2,24000.0,0.0,33.0,62.5,74.3,4.0,19.48,3.2,-947074534.0,-646208346.0,1.0,46400000.0,471300000.0,,47.0,9604.0,45.0,22.4,0.0,16.4,25.6,2.4,4.0,,20.0,112.0,0.07,,19.5,,17.0,50.3,89.8,55.0,,7.0,50.0,9.16,,1.04,17.0,35.0,264.0,72.0,34.0,52.0,20.3,122.7,96.5,53.2,16.3,,31.0,,,,,,,,,,,,,
Mauritania,4.505,MR,MRT,Africa,Arabic,Electoral Autocracies,True,True,MRU,4649660,1030700.0,right,5.4,,,,65.0,,,,,,1.0,,,,,,,62.5,,,,,,,,,,,,,0.3,,,,,,,44.0,,,,49.0,,,,,,,337.0,,,,,23.0,,,,,,,,,,,,,5022441.0,3.0,2999.0,0.4,10.65,2120.8,6.5,10.4,5.0,1.6,,,8.0
Gambia,4.485,GM,GMB,Africa,English,Electoral Democracies,True,True,GMD,2416664,10689.0,right,17.2,6.6,38.8,39.0,63.0,80.0,52.0,1.4,47.7,18.9,,3809.0,0.6,5300.0,25.0,64.0,,67.9,0.6,2.37,2.5,-736150822.0,-208372222.0,,,,,48.0,11126.0,44.0,22.8,2.9,2.9,18.3,2.6,2.0,,54.0,101.0,0.22,,65.4,,2.0,23.8,94.6,3.0,,3.0,86.0,12.94,0.6,1.15,9.0,19.0,458.0,94.0,59.0,76.0,17.5,70.8,73.3,62.6,23.2,,30.0,,,,,,,,,,,,,
Chad,4.471,TD,TCD,Africa,Arabic,Closed Autocracies,True,True,XAF,16425859,1284000.0,right,30.8,6.9,37.4,82.0,53.0,63.0,82.0,1.0,70.0,0.0,,1100921.0,0.8,16000.0,0.0,24.0,,56.4,2.9,12.96,-0.4,,,,71350000.0,,,60.0,5272.0,60.0,3.2,4.0,21.0,0.0,2.37,,,12.0,68.0,0.0,,11.7,,10.0,55.9,63.6,3.0,,6.0,52.0,26.2,,0.75,26.0,8.0,1063.0,92.0,27.0,44.0,16.5,104.4,145.4,40.0,25.1,,32.0,,,,,,,,,,,,,
Kenya,4.47,KE,KEN,Africa,English,Electoral Democracies,True,True,KES,53771300,580367.0,left,36.1,,,,62.0,,,,,,5.0,,,,,,,70.6,,,,,,,,,,,,,6.3,,,,,,,41.0,,,,76.0,,,,,,,19.0,,,,,23.0,,,,,,,,,,,,,55339003.0,2.0,-10003.0,0.5,108.04,1952.3,5.6,5.6,7.7,3.9,48.3,31.0,0.7
Tunisia,4.422,TN,TUN,Africa,Arabic,Electoral Autocracies,True,True,TND,11818618,163610.0,right,0.3,7.7,33.7,8.0,74.0,96.0,14.0,0.1,11.6,1.5,5.0,3994.0,1.1,2600.0,328.0,71.0,42.5,75.8,2.4,47.22,-1.2,-2.22,-739528918.0,413.0,104980000.0,840000000.0,95000000.0,46.0,42743.0,39.0,4.5,0.2,5.2,35.9,2.5,8.0,1.3,74.0,129.0,14.14,0.8,100.0,1427.0,100.0,3.4,78.1,14.0,25.5,92.0,97.0,84.27,1.0,1.07,16.0,51.0,37.0,104.0,85.0,97.0,18.1,111.5,104.5,62.4,9.5,633.0,17.0,,,,,,,,,,,,,
Benin,4.377,BJ,BEN,Africa,French,Electoral Autocracies,True,True,XOF,12123198,112622.0,right,12.7,7.6,34.4,68.0,60.0,52.0,47.0,0.8,54.5,1.1,1.0,2825.0,0.2,6900.0,247.0,50.0,,68.0,0.7,19.47,3.7,-1.02,-329419204.0,36.0,15820000.0,489000000.0,,76.0,8606.0,74.0,26.9,0.0,23.5,12.0,2.9,4.0,,34.0,109.0,0.17,0.0,56.5,93.0,6.0,24.1,80.5,19.0,,1.0,67.0,12.13,0.0,0.9,27.0,16.0,523.0,113.0,47.0,65.0,19.0,128.1,140.9,43.1,25.4,66.0,27.0,,,,,,,,,,,,,
Uganda,4.372,UG,UGA,Africa,English,Electoral Autocracies,True,True,UGX,45741000,241550.0,left,42.1,6.1,42.7,54.0,64.0,93.0,68.0,5.1,90.9,0.0,9.0,1577498.0,0.2,50000.0,0.0,27.0,53.9,72.0,2.0,47.8,2.6,-4.77,-2.99,218.0,22000000.0,229500000.0,,81.0,6337.0,79.0,11.2,8.6,16.1,8.1,2.76,2.0,,10.0,70.0,0.09,,47.1,,1.0,36.7,85.7,1.0,,2.0,59.0,30.9,,1.0,34.0,50.0,284.0,106.0,81.0,53.0,8.6,148.3,99.0,71.9,24.1,,29.0,,,,,,,,,,,,,
Myanmar,4.354,MM,MMR,Asia,Burmese,Closed Autocracies,True,True,MMK,54409794,676578.0,right,2.0,8.9,30.7,58.0,67.0,74.0,,0.9,62.9,4.5,28.0,,1.9,995000.0,366.0,32.0,,68.6,3.8,65.51,,167245039.0,-1.74,885.0,293000000.0,104000000.0,,55.0,13270.0,54.0,42.8,2.2,3.9,7.1,2.2,3.0,,44.0,107.0,2.8,3.1,73.7,222.0,51.0,,,14.0,0.8,3.0,82.0,74.59,0.5,1.01,15.0,52.0,179.0,119.0,89.0,104.0,9.8,94.2,35.5,19.9,22.7,4163.0,20.0,,,,,,,,,,,,,
Cambodia,4.341,KH,KHM,Asia,Khmer,Electoral Autocracies,True,True,KHR,16718971,181035.0,right,,,,40.0,70.0,79.0,,0.5,52.4,1.7,2.0,24.0,2.0,46000.0,33.0,26.0,,65.0,2.1,41.38,5.6,-1.67,-3.81,92.0,41200000.0,1.0,7000000.0,80.0,11995.0,80.0,43.9,0.0,31.8,9.4,2.3,7.0,,57.0,116.0,2.96,3.3,92.3,269.0,54.0,11.5,77.1,3.0,,2.0,78.0,83.35,1.4,1.04,14.0,56.0,218.0,111.0,84.0,90.0,15.7,130.4,95.8,34.6,17.1,45.0,20.0,,,,,,,,,,,,,
Ghana,4.289,GH,GHA,Africa,English,Electoral Democracies,True,True,GHS,31072945,238533.0,right,25.2,4.7,43.5,33.0,64.0,90.0,9.0,1.7,39.0,0.7,2.0,7057.0,0.1,47000.0,287.0,59.0,,68.2,0.4,75.42,3.2,-658958241.0,-1.31,181.0,1.53,550000000.0,126000000.0,63.0,17323.0,61.0,35.2,3.9,7.7,14.1,2.4,2.0,0.1,70.0,120.0,0.66,5.9,85.1,341.0,31.0,28.8,96.9,17.0,0.6,5.0,88.0,41.69,0.1,1.01,15.0,27.0,263.0,97.0,80.0,92.0,12.0,137.1,119.2,55.4,21.1,85.0,26.0,,,,,,,,,,,,,
Liberia,4.269,LR,LBR,Africa,English,Electoral Democracies,True,True,LRD,5057677,111369.0,right,27.6,7.2,35.3,64.0,61.0,82.0,,1.0,92.8,1.1,3.0,1164.0,0.1,14000.0,124.0,54.0,20.3,65.1,2.3,3.97,,-741456442.0,-960192469.0,,340000000.0,25000000.0,,77.0,3613.0,75.0,78.5,17.5,1.2,19.4,2.8,1.0,,30.0,32.0,0.27,,31.8,,1.0,18.4,80.5,14.0,,0.0,76.0,3.44,0.1,0.99,11.0,25.0,652.0,67.0,48.0,58.0,7.4,115.6,104.0,20.0,35.8,,39.0,,,,,,,,,,,,,
Mali,4.232,ML,MLI,Africa,French,Closed Autocracies,True,True,XOF,20250834,1240192.0,right,20.8,7.6,35.7,42.0,59.0,73.0,47.0,0.9,71.1,0.0,,66443.0,0.5,1300.0,0.0,46.0,,63.0,3.8,19.7,1.0,-2.09,-671836205.0,189.0,56000000.0,55400000.0,,69.0,6655.0,67.0,10.9,2.3,7.5,55.1,2.6,5.0,,33.0,114.0,0.77,,53.0,,1.0,29.7,83.0,43.0,,9.0,84.0,17.3,,0.9,29.0,17.0,440.0,74.0,31.0,50.0,19.1,133.1,127.3,35.5,35.1,196.0,23.0,,,,,,,,,,,,,
Madagascar,4.228,MG,MDG,Africa,French,Electoral Autocracies,True,True,MGA,27691019,587041.0,right,80.7,5.8,42.6,67.0,65.0,51.0,59.0,0.4,83.1,1.3,,49.0,0.2,117000.0,106.0,41.0,,53.4,0.7,15.44,1.7,-1.35,-325831201.0,122.0,29720000.0,245100000.0,,85.0,3298.0,82.0,21.3,5.6,3.1,4.1,2.9,0.0,,21.0,70.0,0.11,,36.1,,2.0,26.0,90.0,6.0,5.0,4.0,53.0,23.44,0.9,1.02,19.0,50.0,392.0,136.0,77.0,60.0,18.0,108.2,94.4,70.3,22.6,10.0,29.0,,,,,,,,,,,,,
Togo,4.214,TG,TGO,Africa,French,Electoral Autocracies,True,True,XOF,8278737,56785.0,right,26.6,,,,62.0,,,,,,,,,,,,,66.1,,,,,,,,,,,,,22.1,,,,,,,38.0,,,,57.2,,,,,,,2.0,,,,,20.0,,,,,,,,,,,,,9304337.0,2.3,-1997.0,0.4,9.17,985.7,6.4,1.9,8.0,7.1,6.2,6.0,-0.7
Jordan,4.186,JO,JOR,Asia,Arabic,Closed Autocracies,True,True,JOD,10203140,89342.0,right,0.0,8.2,33.7,17.0,74.0,95.0,16.0,0.1,11.5,0.0,1.0,3063591.0,4.0,340.0,1.0,92.0,100.9,78.1,4.9,50.46,,-6.74,-778591549.0,344.0,74000000.0,94000000.0,223000000.0,39.0,43062.0,32.0,1.1,0.0,4.5,39.2,2.44,2.0,5.2,91.0,68.0,7.04,1.9,100.0,1892.0,100.0,1.2,75.0,73.0,0.1,136.0,99.0,,1.0,1.0,12.0,52.0,41.0,98.0,95.0,97.0,9.7,98.4,130.3,10.4,4.8,504.0,17.0,,,,,,,,,,,,,
India,4.054,IN,IND,Asia,English,Electoral Autocracies,True,True,INR,1380004385,3287590.0,left,12.9,8.0,32.8,49.0,68.0,93.0,20.0,0.2,34.9,1.3,3.0,252867.0,0.6,528000.0,7009.0,36.0,46.5,73.6,2.4,3.52,7.2,-86.33,-14.2,719762.0,2.5,8.5,278250000.0,55.0,23340.0,52.0,24.4,0.2,4.4,56.1,3.5,15.0,57.7,43.0,81.0,2.35,2.7,99.2,794.0,75.0,1.7,53.9,94.0,0.1,45.0,93.0,76.26,0.2,0.99,15.0,67.0,103.0,112.0,77.0,93.0,14.2,123.3,132.5,60.0,16.0,231126.0,16.0,,,,,,,,,,,,,
Egypt,3.977,EG,EGY,Africa,Arabic,Electoral Autocracies,True,True,EGP,102334403,1002450.0,right,1.5,9.0,31.9,1.0,70.0,96.0,27.0,0.1,6.1,1.5,1.0,240507.0,2.8,8.0,4820.0,43.0,85.8,80.1,0.9,378.68,0.9,-14.05,-9.45,1592.0,1.68,5.02,48500000.0,43.0,62256.0,40.0,0.0,0.1,11.6,10.3,3.2,3.0,2.4,72.0,93.0,11.87,1.5,100.0,1561.0,100.0,2.9,40.2,92.0,,7750.0,99.0,89.83,5.0,1.0,28.0,59.0,17.0,90.0,75.0,97.0,12.0,105.3,119.4,4.1,11.6,40837.0,10.0,,,,,,,,,,,,,
Sri Lanka,3.898,LK,LKA,Asia,Sinhala,Electoral Democracies,True,True,LKR,21919000,65610.0,left,1.0,7.4,37.7,,77.0,99.0,29.0,0.1,48.8,3.5,3.0,377.0,3.7,17000.0,277.0,19.0,73.5,80.2,1.6,81.62,-2.3,-1.5,-677892710.0,127.0,13585000.0,650000000.0,70640000.0,50.0,35826.0,47.0,34.1,0.1,3.4,43.6,2.8,1.0,2.3,50.0,143.0,8.77,3.4,100.0,531.0,36.0,10.7,92.9,38.0,1.2,25.0,89.0,85.35,0.1,1.02,5.0,65.0,29.0,96.0,92.0,96.0,8.7,95.7,125.1,45.5,8.3,7407.0,20.0,,,,,,,,,,,,,
Bangladesh,3.886,BD,BGD,Asia,Bengali,Electoral Autocracies,True,True,BDT,164689383,147570.0,left,5.0,8.2,33.4,52.0,74.0,97.0,51.0,0.1,25.0,15.9,2.0,971984.0,0.3,1791000.0,7025.0,40.0,31.2,70.8,1.0,454.87,4.5,-14.29,-1.39,1053.0,613000000.0,377530000.0,72000000.0,62.0,19505.0,59.0,14.5,0.1,4.9,18.8,2.6,0.0,5.0,45.0,105.0,7.51,0.2,99.4,313.0,28.0,5.0,41.1,41.0,,34.0,98.0,61.73,5.4,1.14,21.0,63.0,123.0,112.0,76.0,108.0,10.7,119.1,153.1,72.4,11.0,10040.0,15.0,,,,,,,,,,,,,
Ethiopia,3.861,ET,ETH,Africa,Amharic,Electoral Autocracies,True,True,ETB,114963583,1104300.0,right,27.0,7.3,35.0,64.0,66.0,61.0,6.0,0.8,90.6,0.0,9.0,979846.0,0.3,618000.0,0.0,23.0,31.4,60.7,0.8,163.28,4.0,-12.09,-3.26,,271000000.0,,,68.0,6941.0,65.0,15.0,5.6,17.0,12.9,2.56,4.0,,19.0,56.0,0.45,1.2,55.0,67.0,9.0,26.1,90.7,22.0,,9.0,52.0,8.32,,0.92,41.0,38.0,267.0,84.0,52.0,56.0,23.0,116.5,116.1,34.1,35.8,,28.0,,,,,,,,,,,,,
Tanzania,3.781,TZ,TZA,Africa,English,Electoral Autocracies,True,True,TZS,59734213,945087.0,left,44.9,6.9,40.5,41.0,67.0,91.0,46.0,4.3,78.3,0.2,4.0,188953.0,0.1,46000.0,38.0,37.0,,69.9,1.2,77.55,2.0,-2.08,-1.63,1196.0,1200000.0,134000000.0,8500000.0,84.0,7511.0,82.0,50.6,0.0,31.2,14.1,2.98,5.0,0.0,32.0,92.0,2.5,0.7,45.8,103.0,9.0,34.7,96.2,13.0,,6.0,61.0,28.92,3.0,1.04,37.0,38.0,238.0,93.0,82.0,86.0,13.7,100.4,145.5,44.6,23.7,475.0,31.0,,,,,,,,,,,,,
Comoros,3.566,KM,COM,Africa,Arabic,Electoral Autocracies,True,True,KMF,869595,1862.0,right,18.6,4.5,45.3,69.0,64.0,70.0,48.0,0.1,39.3,4.0,,10.0,,19000.0,11.0,30.0,,,,1.36,0.7,-355581805.0,-5352755.0,,,500000.0,,50.0,11517.0,49.0,17.2,1.6,0.7,,2.49,0.0,,27.0,100.0,0.39,,89.9,,10.0,,,2.0,,1.0,80.0,15.57,0.4,1.02,17.0,19.0,217.0,95.0,62.0,81.0,10.5,107.8,99.8,71.5,37.2,,27.0,,,,,,,,,,,,,
Yemen,3.561,YE,YEM,Asia,Arabic,Closed Autocracies,True,True,YER,29825968,527968.0,right,19.8,7.3,36.7,44.0,64.0,45.0,93.0,0.1,3.7,0.4,6.0,55568.0,0.6,240000.0,54.0,40.0,,35.7,4.0,21.0,,-7.32,15444808.0,,15790000.0,220000000.0,,33.0,,27.0,1.0,0.1,0.6,3.8,1.7,5.0,,18.0,46.0,1.27,0.0,76.0,188.0,48.0,16.1,89.9,43.0,,170.0,62.0,48.61,0.5,0.82,0.0,34.0,183.0,84.0,54.0,66.0,12.5,118.6,119.7,44.4,28.7,,29.0,,,,,,,,,,,,,
Zambia,3.502,ZM,ZMB,Africa,English,Electoral Democracies,True,True,ZMW,18383956,752612.0,left,64.3,3.9,51.5,48.0,62.0,90.0,,10.8,83.0,0.0,5.0,72411.0,0.2,9300.0,0.0,46.0,71.4,62.5,1.3,26.27,,599476625.0,31089480.0,297.0,336000000.0,15550000.0,,59.0,11319.0,56.0,59.8,0.0,41.3,8.9,3.05,1.0,0.1,31.0,99.0,0.48,9.7,47.8,695.0,9.0,34.4,93.1,2.0,0.0,2.0,68.0,18.15,,,15.0,50.0,135.0,95.0,88.0,83.0,13.9,123.0,109.1,32.1,2.2,4.0,21.0,,,,,,,,,,,,,
Eswatini,3.502,SZ,SWZ,Africa,English,Closed Autocracies,True,True,SZL,1160164,17364.0,left,36.1,3.7,54.6,11.0,56.0,85.0,,25.9,64.7,0.0,13.0,1202.0,,360.0,0.0,25.0,36.2,61.2,1.6,4.13,,-176193859.0,-50785645.0,862.0,115000000.0,,,47.0,49648.0,31.0,29.1,2.6,4.3,30.4,,0.0,0.1,58.0,122.0,2.75,,82.3,,49.0,13.3,75.2,81.0,,40.0,73.0,24.31,,0.94,17.0,66.0,240.0,114.0,91.0,90.0,16.6,107.5,100.2,69.5,7.1,0.0,34.0,,,,,,,,,,,,,
Malawi,3.421,MW,MWI,Africa,English,Electoral Democracies,True,True,MWK,19129955,118484.0,left,70.1,7.0,38.5,50.0,63.0,87.0,,7.1,62.9,0.0,2.0,35201.0,0.2,660000.0,0.0,18.0,55.6,65.6,1.0,12.35,,-2.47,-134063523.0,33.0,27600000.0,,,67.0,4395.0,64.0,22.9,4.3,22.9,30.3,2.55,5.0,,18.0,60.0,0.08,,14.0,,1.0,48.9,85.0,38.0,,8.0,72.0,15.31,,0.99,21.0,66.0,381.0,135.0,68.0,68.0,15.8,135.5,190.1,64.2,30.4,44.0,33.0,,,,,,,,,,,,,
Botswana,3.383,BW,BWA,Africa,English,Electoral Democracies,True,True,BWP,2351625,582000.0,left,15.4,3.9,53.3,40.0,66.0,97.0,21.0,16.4,27.4,0.0,11.0,761.0,0.9,99.0,0.0,73.0,19.6,63.3,2.5,19.44,1.1,-829637311.0,-655929875.0,674.0,5000000.0,,92000000.0,68.0,53199.0,52.0,26.5,0.3,29.1,29.8,3.0,1.0,0.4,77.0,165.0,3.41,0.0,75.9,1746.0,66.0,,,55.0,,10.0,93.0,,,1.02,11.0,67.0,186.0,97.0,87.0,91.0,21.5,138.3,90.3,45.6,1.6,94.0,26.0,,,,,,,,,,,,,
Zimbabwe,3.341,ZW,ZWE,Africa,Chibarwe,Electoral Autocracies,True,True,ZWL,14862927,390757.0,left,39.8,6.0,50.3,22.0,59.0,90.0,,11.0,82.4,0.0,6.0,10114.0,0.9,690.0,0.0,33.0,,69.7,0.2,34.8,4.8,-2.69,-557873000.0,703.0,43000000.0,97000000.0,,65.0,9892.0,59.0,44.9,1.9,27.2,16.7,2.5,2.0,,33.0,88.0,1.65,3.3,50.1,583.0,31.0,,,37.0,2.8,40.0,62.0,42.46,,0.97,31.0,67.0,357.0,96.0,90.0,86.0,15.7,123.5,119.6,39.5,4.1,17.0,41.0,,,,,,,,,,,,,
DR Congo,3.295,CD,COD,Africa,French,Electoral Autocracies,True,True,CDF,108407721,2344858.0,right,78.9,,,,60.0,,,,,,,,,,,,16.0,52.4,,,,,,,,,,,,,54.7,,,,,,,27.0,,,,21.5,,,,,,,0.0,,,,,13.0,,,,,,,,,,,,,105789731.0,3.3,-14992.0,0.4,66.38,627.5,8.6,4.5,2.9,5.0,0.1,13.0,3.6
Sierra Leone,3.245,SL,SLE,Africa,English,Electoral Autocracies,True,True,SLL,7976985,71740.0,right,26.1,7.9,35.7,51.0,60.0,90.0,84.0,1.4,71.6,5.3,2.0,345.0,0.4,800.0,39.0,44.0,,61.8,0.6,6.36,3.5,-740500848.0,-201800561.0,,40000000.0,130000000.0,,54.0,9476.0,52.0,34.6,8.0,5.1,10.7,2.18,1.0,,30.0,98.0,0.0,,29.4,,1.0,59.2,60.4,18.0,,0.0,65.0,17.84,1.6,1.01,28.0,21.0,443.0,153.0,49.0,97.0,29.4,105.8,101.8,54.7,29.1,,33.0,,,,,,,,,,,,,
Lesotho,3.186,LS,LSO,Africa,English,Electoral Democracies,True,True,LSL,2142252,30355.0,left,32.4,4.6,44.9,26.0,53.0,90.0,30.0,19.3,34.9,0.0,38.0,319.0,0.2,730.0,0.0,30.0,3.0,58.0,1.5,2.58,1.8,-1.19,25647817.0,,9960000.0,,,58.0,8218.0,49.0,1.1,3.8,0.5,20.4,2.21,0.0,,47.0,68.0,0.38,,50.0,,42.0,2.6,83.3,75.0,0.0,1.0,74.0,5.57,,1.04,26.0,65.0,566.0,86.0,82.0,71.0,11.3,107.6,93.8,80.1,6.6,,32.0,,,,,,,,,,,,,
Lebanon,2.707,LB,LBN,Asia,Arabic,Electoral Autocracies,True,True,LBP,6825442,10452.0,right,0.0,7.9,31.8,5.0,74.0,73.0,4.0,0.1,6.8,0.6,2.0,1279108.0,4.3,170.0,41.0,89.0,,58.2,8.9,20.16,4.1,-11.54,-582765209.0,,180000000.0,3000000.0,,46.0,38899.0,41.0,14.1,0.0,0.8,38.9,2.8,4.0,0.1,90.0,77.0,7.29,0.5,100.0,2554.0,,,,55.0,1.3,38.0,93.0,,0.2,,6.0,55.0,21.0,80.0,93.0,68.0,9.9,97.9,123.1,66.4,1.2,,16.0,,,,,,,,,,,,,
Afghanistan,1.721,AF,AFG,Asia,Dari,Closed Autocracies,True,True,AFN,40218234,652230.0,right,,,,73.0,63.0,55.0,,0.1,20.0,0.0,4.0,34826.0,1.8,418000.0,0.0,27.0,,57.1,1.8,17.32,0.7,-5.51,24258330.0,,190490000.0,,,38.0,10831.0,32.0,1.9,0.3,3.6,2.0,1.8,0.0,,18.0,57.0,0.08,,85.3,,36.0,9.3,61.7,9.0,0.6,43.0,82.0,48.21,,0.64,27.0,23.0,620.0,110.0,37.0,86.0,8.2,121.3,95.4,58.7,34.5,,16.0,,,,,,,,,,,,,
Grenada,,GD,GRD,Americas,English,,True,True,XCD,112519,344.0,left,0.3,5.5,43.8,,75.0,82.0,,,10.0,7.8,4.0,5.0,,26.0,7.0,37.0,,47.1,,1.23,,-121474715.0,-151062464.0,,,,,,,,52.1,,0.2,37.2,2.6,3.0,,80.0,81.0,29.77,,94.2,,85.0,,,,,7.0,96.0,,0.1,1.0,31.0,,21.0,83.0,,86.0,14.4,75.9,137.4,23.5,3.3,,8.0,,,,,,,,,,,,,
Barbados,,BB,BRB,Americas,English,Liberal Democracies,True,True,BBD,287371,430.0,left,,,,,78.0,89.0,,1.0,5.5,3.2,11.0,5.0,0.7,29.0,6.0,31.0,133.2,62.5,,6.45,,15071256.0,-207827190.0,,,,,63.0,39911.0,58.0,14.7,0.0,0.0,31.4,,18.0,0.0,76.0,115.0,37.48,,100.0,,100.0,,,,0.0,88.0,99.0,88.47,0.0,1.0,27.0,59.0,39.0,93.0,,97.0,12.5,108.3,100.8,23.3,1.9,,8.0,,,,,,,,,,,,,
Cape Verde,,CV,CPV,Africa,Portuguese,Electoral Democracies,True,True,CVE,555988,4033.0,right,4.6,5.7,42.4,,75.0,95.0,22.0,0.9,21.8,5.4,6.0,,0.5,750.0,5.0,68.0,,60.5,0.5,2.5,5.1,-456722252.0,-151262678.0,,80000000.0,,,58.0,24917.0,51.0,11.5,0.3,0.0,35.3,,1.0,,72.0,99.0,7.23,,97.1,,83.0,,,30.0,0.2,57.0,90.0,,0.0,1.01,42.0,56.0,42.0,96.0,91.0,88.0,14.7,66.2,88.7,19.6,4.6,,27.0,,,,,,,,,,,,,
Saint Kitts and Nevis,,KN,KNA,Americas,English,,True,True,XCD,53192,261.0,left,,,,,72.0,95.0,,,1.5,8.1,29.0,19.0,,33.0,2.0,31.0,57.7,42.2,,1.03,,-96566435.0,-33605218.0,,47850000.0,,,,,,42.3,,4.5,46.4,,35.0,,76.0,119.0,46.74,,100.0,,100.0,,,,,51.0,99.0,,4.0,0.97,31.0,,,124.0,,131.0,11.0,108.4,131.1,23.1,1.4,,,,,,,,,,,,,,,
Andorra,,AD,AND,Europe,Catalan,,True,True,EUR,77265,468.0,right,,,,,,99.0,,,18.7,0.0,3.0,,,,0.0,88.0,,48.8,,3.72,,296200061.0,-540316792.0,,,,,,,,34.0,,26.9,,,21.0,,94.0,142.0,51.74,,100.0,,100.0,,,,,,100.0,,,,50.0,,,98.0,,69.0,12.8,,,39.9,0.5,,8.0,,,,,,,,,,,,,
Burundi,,BI,BDI,Africa,French,Electoral Autocracies,True,True,BIF,11890781,27834.0,right,62.1,7.1,37.5,37.0,62.0,86.0,98.0,0.9,83.0,0.0,6.0,85229.0,0.6,21000.0,0.0,15.0,,47.3,3.7,2.65,-0.3,-1.05,-32957888.0,,15700000.0,,,79.0,1940.0,78.0,10.9,13.9,7.6,29.9,2.21,1.0,,11.0,58.0,0.02,,10.3,,0.0,31.9,85.3,,,3.0,62.0,6.3,,1.06,38.0,29.0,494.0,105.0,76.0,49.0,15.7,117.7,132.1,82.8,25.2,,36.0,,,,,,,,,,,,,
Northern Mariana Islands,,MP,MNP,Oceania,Carolinian,,False,False,USD,57557,464.0,right,,,,,,,,,0.5,12.9,,,,1100.0,1.0,92.0,,,,,,,,,,,,,,,53.0,,33.1,,,,,,28.0,,,100.0,,,,,,,,100.0,,33.2,,,,,,,,,,,1.2,,,,,,,,,,,,,,,,
Solomon Islands,,SB,SLB,Oceania,English,Electoral Democracies,True,True,SBD,686878,28896.0,left,26.6,7.0,37.1,,71.0,68.0,3.0,,50.1,7.3,4.0,5.0,,640.0,8.0,26.0,15.4,42.9,,1.66,-0.6,-337585982.0,-72472772.0,,233370000.0,,,84.0,4867.0,83.0,90.1,0.0,0.2,25.6,2.9,1.0,,45.0,67.0,0.11,,76.0,,9.0,,,2.0,,,67.0,38.64,0.1,0.97,8.0,29.0,122.0,85.0,,72.0,25.9,108.0,101.7,4.3,33.8,,17.0,,,,,,,,,,,,,
Faroe Islands,,FO,FRO,Europe,Danish,,False,False,DKK,48865,1393.0,right,,,,,83.0,,,,7.9,2.8,,,,,0.0,43.0,,,,3.94,,-130430095.0,,,,,,,,,0.1,,0.0,,,1.0,,98.0,112.0,34.59,,100.0,,,,,,,,100.0,,0.0,,,,,,,,,99.4,107.1,70.1,18.2,,,,,,,,,,,,,,,
Aruba,,AW,ABW,Americas,Dutch,,False,False,AWG,106766,180.0,right,,,,,75.0,,,,8.8,10.4,2.0,,,,8.0,44.0,,,,3.33,,423839379.0,-124694278.0,,,,,,,,2.3,0.0,0.1,,,7.0,,97.0,132.0,17.49,,99.9,,,,,,,,98.0,,0.0,1.02,,,,105.0,98.0,95.0,19.4,,,11.1,0.0,,,,,,,,,,,,,,,
Guinea-Bissau,,GW,GNB,Africa,Portuguese,Electoral Autocracies,True,False,XOF,1967998,36125.0,right,26.0,7.9,33.4,61.0,60.0,72.0,87.0,2.4,87.4,16.0,1.0,24.0,0.5,410.0,25.0,45.0,,45.9,1.5,2.05,2.3,-297833123.0,-21122878.0,,,,,63.0,6944.0,61.0,69.8,10.4,13.4,0.7,2.9,6.0,,32.0,126.0,0.31,,37.4,,1.0,63.9,87.7,,,1.0,62.0,19.69,9.0,0.64,10.0,21.0,725.0,113.0,54.0,63.0,16.2,127.5,100.9,30.0,30.7,,32.0,,,,,,,,,,,,,
Djibouti,,DJ,DJI,Africa,Arabic,Electoral Autocracies,True,True,DJF,988002,23200.0,right,19.1,,,,63.0,,,,,,,,,,,,,41.6,,,,,,,,,,,,,0.3,,,,,,,65.0,,,,65.0,,,,,,,6.0,,,,,26.0,,,,,,,,,,,,,1152944.0,1.4,500.0,,4.1,3554.8,6.7,26.2,1.5,1.4,,40.0,3.3
North Korea,,KP,PRK,Asia,Korean,Closed Autocracies,True,True,KPW,25778815,120538.0,right,,,,,74.0,28.0,,,14.7,1.7,,,8.6,200.0,167.0,63.0,,,,,,,,,,,,82.0,,80.0,49.7,,1.3,,,,,0.0,23.0,,7.0,54.7,592.0,14.0,,,,,13.0,94.0,,0.0,,18.0,70.0,107.0,93.0,100.0,99.0,15.1,92.6,95.4,21.5,,,24.0,,,,,,,,,,,,,
United States Virgin Islands,,VI,VIR,Americas,English,,False,False,USD,106290,347.0,right,,,,,80.0,,,,5.9,14.6,50.0,,,2300.0,7.0,96.0,,,,,,,,,,,,54.0,117998.0,48.0,57.7,,1.0,,,,,64.0,80.0,10.07,,100.0,,,,,,,,99.0,,0.9,,,,,,,,,,,9.4,,,,,,,,,,,,,,,,
Sudan,,SD,SDN,Africa,Arabic,Closed Autocracies,True,True,SDG,43849269,1886068.0,right,15.3,7.8,34.2,74.0,66.0,51.0,63.0,0.1,61.0,0.1,5.0,922474.0,1.3,58000.0,23.0,36.0,,44.7,0.9,108.3,-20.1,-5.67,-573504495.0,34.0,,604370000.0,120700000.0,38.0,15277.0,35.0,9.6,0.0,2.8,6.7,2.4,2.0,,29.0,74.0,0.06,4.4,63.2,251.0,66.0,30.6,60.6,7.0,,673.0,65.0,10.76,16.0,0.96,31.0,13.0,270.0,78.0,61.0,67.0,10.8,126.2,106.4,60.3,5.5,82.0,27.0,,,,,,,,,,,,,
Fiji,,FJ,FJI,Oceania,English,Electoral Democracies,True,True,FJD,896444,18272.0,left,1.3,,,,68.0,,,,,,2.0,,,,,,,60.8,,,,,,,,,,,,,63.1,,,,,,,85.0,,,,92.0,,,,,,,0.0,,,,,11.0,,,,,,,,,,,,,924145.0,0.5,-3289.0,0.5,5.44,5888.7,7.5,4.3,2.1,9.2,,49.0,0.5
Liechtenstein,,LI,LIE,Europe,German,,True,True,CHF,38137,160.0,right,,,,,84.0,,,,56.9,0.0,5.0,597.0,,,0.0,15.0,,,,7.1,,,,9.0,,,,,,,41.9,0.0,42.6,,,,,97.0,126.0,49.8,,100.0,,,,,,,,100.0,,,0.9,28.0,,,102.0,,89.0,,,,32.3,0.2,,,,,,,,,,,,,,,
Puerto Rico,,PR,PRI,Americas,English,,False,False,USD,3194034,8870.0,right,,,,,80.0,,,,2.5,6.8,17.0,,,49000.0,178.0,94.0,,,,81.55,4.2,,,,,,,41.0,127135.0,38.0,56.1,,2.1,,,,,87.0,120.0,23.16,,100.0,,,,,,,12.0,100.0,,1.8,1.05,,,34.0,83.0,92.0,69.0,,107.5,89.3,19.0,0.7,,,,,,,,,,,,,,,
Monaco,,MC,MCO,Europe,French,,True,True,EUR,39244,2.02,right,,,,,,88.0,,,,21.1,0.0,17.0,,,1.0,100.0,,,,,,,,,,,,,,,0.0,,99.2,,,,,98.0,107.0,55.88,,100.0,,100.0,,,,,,100.0,,99.7,,46.0,,,144.0,,150.0,7.7,,,,,,0.0,,,,,,,,,,,,,
Papua New Guinea,,PG,PNG,Oceania,English,Electoral Autocracies,True,True,PGK,8947027,462840.0,left,39.7,5.1,41.9,,66.0,52.0,40.0,1.0,54.6,3.8,9.0,10523.0,0.1,13000.0,47.0,14.0,48.2,45.9,0.3,28.82,-0.1,5.74,240725089.0,,,,,52.0,12464.0,51.0,79.0,2.0,0.7,36.6,2.6,40.0,0.0,27.0,48.0,0.21,,19.0,,10.0,,,4.0,0.2,0.0,50.0,29.86,0.1,0.89,3.0,37.0,192.0,110.0,70.0,74.0,3.9,99.0,107.7,3.1,17.0,,13.0,,,,,,,,,,,,,
Qatar,,QA,QAT,Asia,Arabic,Closed Autocracies,True,True,QAR,2881060,11586.0,right,0.0,6.5,35.1,,82.0,99.0,,0.1,0.0,11.6,0.0,197.0,1.1,,102.0,99.0,,66.8,7.0,206.93,-8.4,56.53,282692308.0,,,,,88.0,156591.0,87.0,0.0,0.0,5.8,,3.1,3.0,18.7,100.0,174.0,11.64,0.0,100.0,16894.0,100.0,,,,,446.0,100.0,,2.3,1.0,4.0,38.0,8.0,95.0,98.0,95.0,9.3,153.3,140.1,6.4,0.3,,7.0,,,,,,,,,,,,,
Syria,,SY,SYR,Asia,Arabic,Closed Autocracies,True,True,SYP,17500657,185180.0,right,24.8,9.2,26.6,,72.0,74.0,88.0,0.1,1.1,0.0,2.0,595953.0,5.2,702000.0,26.0,57.0,,36.2,4.1,22.82,,196994859.0,-1.47,2206.0,,45000000.0,,38.0,19853.0,33.0,2.8,0.0,0.7,20.7,2.3,1.0,,36.0,80.0,6.86,1.4,89.0,899.0,91.0,6.6,68.8,8.0,,196.0,94.0,84.42,0.2,0.98,11.0,54.0,30.0,80.0,94.0,62.0,19.2,96.3,98.9,80.2,43.1,1223.0,15.0,,,,,,,,,,,,,
Isle of Man,,IM,IMN,Europe,English,,False,False,GBP,85032,572.0,left,,,,,81.0,,,,2.7,3.8,0.0,,,5.0,2.0,53.0,,,,6.83,-8.6,,,,,,,,,,6.1,,77.5,,,,,,,,,100.0,,,,,,,,100.0,,0.0,,,,,,,,,,,71.4,0.3,,,,,,,,,,,,,,,
Greenland,,GL,GRL,Americas,Greenlandic,,False,False,DKK,56367,2166086.0,right,,,,,72.0,,,,11.7,5.1,5.0,,,170.0,2.0,88.0,,,,2.04,14.1,,,,,,,,,,0.0,,22.4,,,2.0,,69.0,118.0,31.98,,100.0,,,,,,,,100.0,,4.5,,,,,,,,,,,0.6,17.5,,,,,,,,,,,,,,,
Cuba,,CU,CUB,Americas,Spanish,Closed Autocracies,True,True,CUC,11326616,109884.0,right,,,,11.0,78.0,99.0,,0.6,20.9,14.9,4.0,136.0,1.6,42000.0,105.0,78.0,,,2.9,101.87,0.0,,,1351.0,60000000.0,1.88,600000000.0,53.0,,52.0,31.2,0.1,6.7,,2.1,11.0,,73.0,68.0,2.97,0.1,100.0,1454.0,95.0,,,,,18.0,95.0,93.38,3.9,1.0,56.0,69.0,39.0,98.0,100.0,93.0,17.0,65.8,87.4,61.7,0.8,1285.0,9.0,,,,,,,,,,,,,
São Tomé and Príncipe,,ST,STP,Africa,Portuguese,Electoral Democracies,True,True,STN,219161,964.0,right,15.7,,,,69.0,,,,,,3.0,,,,,,,53.1,,,,,,,,,,,,,52.8,,,,,,,57.0,,,,78.0,,,,,,,2.0,,,,,15.0,,,,,,,,,,,,,230871.0,2.0,-592.0,,678976265.0,2940.9,0.4,9.1,21.3,1.5,,34.0,-0.5
Oman,,OM,OMN,Asia,Arabic,Closed Autocracies,True,True,OMR,5106622,309500.0,right,,,,,74.0,99.0,,0.1,0.1,0.8,0.0,300.0,2.1,4500.0,142.0,88.0,,58.2,5.4,103.59,1.5,17.34,-12.09,,,,,68.0,78026.0,66.0,0.0,0.0,1.5,,3.4,5.0,2.1,95.0,135.0,10.88,0.0,100.0,6486.0,100.0,,,,,117.0,92.0,97.4,0.3,0.96,0.0,30.0,17.0,96.0,97.0,94.0,14.2,161.7,186.6,4.7,2.3,,11.0,,,,,,,,,,,,,
Macau,,MO,MAC,Asia,Portuguese,,False,False,MOP,649342,30.0,left,,,,,85.0,,,,11.0,46.9,0.0,6.0,,3100.0,8.0,100.0,,,,29.76,-4.9,20.43,-450857367.0,,,,,65.0,192411.0,64.0,,,,,,0.0,,90.0,175.0,29.68,,100.0,,,,,,1.1,,100.0,,,0.99,,,,86.0,97.0,90.0,10.1,103.2,73.4,,,,,,,,,,,,,,,,,
San Marino,,SM,SMR,Europe,Italian,,True,True,EUR,33938,61.0,right,,,,,,89.0,,,,0.0,0.0,,,,0.0,98.0,103.2,,,1.67,10.9,446726808.0,-20281752.0,,,,,,,,16.7,,,,,,,85.0,122.0,35.79,,100.0,,100.0,,,,26.7,,100.0,,,0.97,33.0,,,95.0,100.0,96.0,7.5,,,38.3,0.0,,0.0,,,,,,,,,,,,,
Marshall Islands,,MH,MHL,Oceania,English,,True,True,USD,59194,181.0,right,0.9,,,,65.0,,,,,,,,,,,,41.6,41.0,,,,,,,,,,,,,52.2,,,,,,,73.0,,,,100.0,,,,,,,,,,,,12.0,,,,,,,,,,,,,38827.0,-3.2,-1832.0,0.4,259300000.0,6678.3,-3.9,,,13.3,,,0.2
Sint Maarten,,SX,SXM,Americas,English,,False,False,ANG,40812,34.0,right,,,,,74.0,,,,,,,,,,,,,,,,,,,,,,,,,,10.9,,,,,,,,,,,100.0,,,,,,,,,,,,,,,,,,,,,,,,,42749.0,1.4,567.0,,1.63,38077.5,3.8,,2.2,3.0,,,2.8
Turks and Caicos Islands,,TC,TCA,Americas,English,,False,False,USD,38718,948.0,left,,,,,75.0,,,,0.8,63.3,6.0,7.0,,160.0,4.0,94.0,,,,1.34,,282605275.0,-93769000.0,,,,,,,,11.1,0.0,0.4,,,2.0,,,110.0,,,99.9,,,,,,,,99.0,94.98,0.1,1.02,,34.0,,126.0,,111.0,9.3,,,1.1,0.4,,,,,,,,,,,,,,,
Nauru,,NR,NRU,Oceania,English,,True,True,AUD,10834,21.0,left,1.7,8.0,32.4,,64.0,98.0,,,1.9,13.5,,45.0,,,1.0,100.0,,42.2,,262445000.0,,-85262285.0,3108817.0,,,,,,,,0.0,,0.0,,,,,83.0,80.0,9.96,,100.0,,100.0,,,,,,97.0,,0.0,1.01,11.0,36.0,,101.0,,111.0,9.6,102.7,89.4,20.0,,,,,,,,,,,,,,,,
Dominica,,DM,DMA,Americas,English,,True,True,XCD,71991,751.0,left,,,,,73.0,,,,,,14.0,,,,,,,42.3,,,,,,,,,,,,,63.8,,,,,,,83.0,,,,100.0,,,,,,,10.0,,,,,38.0,,,,,,,,,,,,,66510.0,-0.5,-199.0,0.5,653992593.0,9833.0,4.7,,4.2,5.2,,,3.2
Haiti,,HT,HTI,Americas,French,Closed Autocracies,True,True,HTG,11402533,27750.0,right,29.2,5.5,41.1,49.0,64.0,65.0,19.0,1.7,76.7,2.3,13.0,5.0,0.0,9800.0,64.0,60.0,,39.6,0.1,19.86,-3.1,-4.21,-23647920.0,,57000000.0,57210000.0,1000000.0,65.0,7744.0,56.0,12.4,0.3,2.8,,2.3,,,39.0,64.0,0.31,0.1,49.3,40.0,5.0,37.8,77.1,19.0,,11.0,67.0,22.58,1.5,,3.0,34.0,350.0,,68.0,,11.2,72.1,102.2,65.1,18.2,,19.0,,,,,,,,,,,,,
Tuvalu,,TV,TUV,Oceania,English,,True,True,AUD,11792,26.0,left,3.6,,,,65.0,,,,,,0.0,,,,,,,42.4,,,,,,,,,,,,,33.3,,,,,,,81.0,,,,100.0,,,,,,,,,,,,6.0,,,,,,,,,,,,,9816.0,-1.8,-323.0,0.4,62280312.0,6344.8,3.9,,0.5,3.2,,37.0,0.0
Equatorial Guinea,,GQ,GNQ,Africa,French,Electoral Autocracies,True,True,XAF,1402985,28051.0,right,,,,,61.0,61.0,,6.7,4.2,0.8,,,0.2,,17.0,74.0,,35.1,1.6,8.68,-15.4,,,,,,,61.0,45250.0,55.0,86.7,2.6,1.8,,2.88,,,67.0,53.0,0.1,,67.0,,22.0,,,,,0.0,65.0,24.22,0.2,0.91,31.0,13.0,212.0,51.0,94.0,39.0,,104.3,86.5,3.7,3.1,,27.0,,,,,,,,,,,,,
Saint Lucia,,LC,LCA,Americas,English,,True,True,XCD,183629,616.0,left,0.1,5.5,43.7,,71.0,85.0,,,9.7,4.6,39.0,5.0,,560.0,7.0,19.0,45.9,64.8,,2.21,,140986360.0,-141567341.0,,20000000.0,,,69.0,46278.0,62.0,34.0,0.0,0.9,52.2,,9.0,,74.0,96.0,13.57,,100.0,,93.0,,,,,14.0,97.0,87.33,0.2,1.01,11.0,56.0,73.0,101.0,,90.0,16.3,77.6,117.6,16.3,1.1,,30.0,,,,,,,,,,,,,
French Polynesia,,PF,PYF,Oceania,French,,False,False,XPF,280904,4167.0,right,,,,,84.0,,,,7.0,30.0,0.0,,,17.0,11.0,62.0,,,,4.31,,-670140014.0,-37316039.0,,,,,53.0,,47.0,43.1,0.0,0.0,,,1.0,,73.0,107.0,27.91,,100.0,,,,,,,,100.0,,0.0,,,,,,,,,102.2,104.4,14.0,2.3,,,,,,,,,,,,,,,
Belarus,,BY,BLR,Europe,Belarusian,Electoral Autocracies,True,True,BYN,9398861,207600.0,right,0.0,10.3,24.4,2.0,73.0,97.0,2.0,0.4,8.2,0.0,2.0,39981.0,3.2,48.0,0.0,81.0,33.2,78.7,1.8,69.35,5.3,249426569.0,-1.93,44478.0,11300000.0,,,64.0,54261.0,61.0,43.3,0.0,13.8,23.5,2.6,6.0,0.0,92.0,123.0,35.09,0.1,100.0,3690.0,100.0,2.3,82.4,72.0,34.1,4.0,99.0,,,0.99,40.0,53.0,1.0,95.0,100.0,93.0,12.8,93.2,109.9,39.9,7.3,4486.0,8.0,,,,,,,,,,,,,
Palau,,PW,PLW,Oceania,English,,True,True,USD,18092,459.0,right,,,,,69.0,96.0,,,0.9,16.0,11.0,11.0,,2500.0,2.0,82.0,85.2,55.1,,266049063.0,-4.2,-192201000.0,-72014000.0,,22000000.0,,,,,,90.4,,100.0,,,52.0,,27.0,133.0,7.33,,100.0,,29.0,,,37.0,,,100.0,,100.0,1.04,6.0,,,96.0,97.0,91.0,9.5,,,9.3,3.0,,5.0,,,,,,,,,,,,,
Gibraltar,,GI,GIB,Europe,English,,False,False,GIP,33691,6.0,right,,,,,83.0,,,,0.0,47.7,3.0,,,,4.0,100.0,,,,,,,,,,,,,,,0.0,,0.0,,,,,94.0,112.0,60.97,0.0,100.0,5851.0,,,,,,,100.0,,0.0,1.0,,,,123.0,,137.0,8.8,,,,,,,,,,,,,,,,,,,
Suriname,,SR,SUR,Americas,Dutch,Liberal Democracies,True,True,SRD,586634,163820.0,left,1.1,5.9,39.2,16.0,70.0,71.0,,1.6,14.5,6.4,6.0,24.0,0.8,1500.0,207.0,66.0,,57.2,,3.14,,329714270.0,63478742.0,,,,,54.0,51381.0,50.0,94.5,1.9,8.5,51.8,,3.0,,76.0,150.0,20.03,15.2,99.0,3459.0,96.0,,,,,1.0,98.0,72.12,1.5,1.09,29.0,39.0,96.0,66.0,95.0,77.0,7.5,80.2,124.1,0.4,7.5,,15.0,,,,,,,,,,,,,
Somalia,,SO,SOM,Africa,Arabic,Closed Autocracies,True,True,SOS,15893219,637657.0,right,,,,,56.0,46.0,,,95.4,0.2,,17770.0,0.5,2043000.0,28.0,48.0,,49.7,,10.92,1.1,,,,,50000000.0,,34.0,9572.0,27.0,9.3,11.3,0.0,,2.4,,,28.0,50.0,0.67,,48.9,,5.0,43.5,94.8,,,55.0,58.0,25.1,0.0,0.54,20.0,7.0,621.0,21.0,54.0,,4.2,101.4,98.6,70.3,,,27.0,,,,,,,,,,,,,
New Caledonia,,NC,NCL,Oceania,French,,False,False,XPF,271960,18575.0,right,,,,,81.0,,,,,,3.0,,,,,,,,,,,,,,,,,,,,45.8,,,,,,,82.0,,,,100.0,,,,,,,,,,,,,,,,,,,,,,,,,289870.0,1.0,485.0,,9.62,33516.4,3.5,10.9,0.6,6.5,,,0.6
Vanuatu,,VU,VUT,Oceania,Bislama,Electoral Democracies,True,True,VUV,307150,12189.0,right,10.0,7.6,32.3,,70.0,70.0,1.0,,25.0,4.2,0.0,5.0,,69000.0,5.0,26.0,87.1,51.1,,1.28,0.6,-427259839.0,-9205107.0,,5600000.0,,,59.0,9118.0,56.0,36.3,0.5,0.1,16.4,,,,70.0,78.0,1.13,,70.0,,6.0,,,30.0,,,91.0,75.88,0.0,1.03,2.0,49.0,94.0,107.0,89.0,107.0,20.9,84.5,75.5,15.3,21.2,,15.0,,,,,,,,,,,,,
British Virgin Islands,,VG,VGB,Americas,English,,False,False,USD,30237,151.0,left,,,,,76.0,,,,,,8.0,,,,,,,,,,,,,,,,,,,,24.1,,,,,,,78.0,,,,100.0,,,,,,,,,,,,,,,,,,,,,,,,,38985.0,1.7,587.0,,,,,,,,,,
Rwanda,,RW,RWA,Africa,English,Electoral Autocracies,True,True,RWF,12952209,26338.0,right,52.0,6.0,43.7,38.0,67.0,96.0,17.0,2.3,79.9,0.0,4.0,115643.0,0.7,70000.0,0.0,18.0,,73.1,1.3,13.82,6.0,-2.27,-459166412.0,,362000000.0,,60000000.0,64.0,8807.0,56.0,11.3,3.8,9.1,24.3,2.4,5.0,0.1,34.0,80.0,0.45,,50.6,,8.0,5.9,56.6,28.0,8.4,6.0,65.0,18.4,,1.02,61.0,64.0,259.0,152.0,79.0,59.0,14.8,123.2,87.2,81.3,27.1,,29.0,,,,,,,,,,,,,
Trinidad and Tobago,,TT,TTO,Americas,English,Electoral Democracies,True,True,TTD,1399491,5130.0,left,,,,8.0,75.0,90.0,,1.0,0.5,7.3,29.0,3205.0,0.8,40.0,52.0,53.0,15.9,56.1,0.9,27.88,,2.77,2.09,,,,,58.0,69422.0,56.0,44.3,0.1,2.0,36.7,2.5,0.0,1.9,80.0,131.0,26.89,0.0,100.0,7183.0,100.0,3.4,33.2,,12.2,9.0,99.0,90.06,0.0,1.01,29.0,40.0,27.0,93.0,98.0,85.0,9.2,98.5,90.9,10.5,1.1,,9.0,,,,,,,,,,,,,
Guyana,,GY,GUY,Americas,English,Electoral Democracies,True,True,GYD,786559,214969.0,left,,,,12.0,66.0,95.0,,1.5,12.1,5.2,16.0,27.0,1.0,40.0,148.0,27.0,,58.1,0.6,10.42,,4.47,-437345895.0,,,,,50.0,159153.0,44.0,93.5,2.3,5.2,34.5,2.1,16.0,,85.0,106.0,12.94,,93.0,,100.0,,,,,1.0,96.0,83.47,0.0,1.0,37.0,30.0,112.0,99.0,90.0,106.0,16.2,105.6,153.5,5.3,10.0,,22.0,,,,,,,,,,,,,
Timor-Leste,,TL,TLS,Asia,Portuguese,Electoral Democracies,True,True,USD,1318442,14874.0,left,24.4,,,,69.0,,,,,,4.0,,,,,,,62.1,,,,,,,,,,,,,61.8,,,,,,,41.0,,,,99.7,,,,,,,14.0,,,,,37.0,,,,,,,,,,,,,1384286.0,1.1,-5620.0,0.5,2.08,1502.5,-18.1,1.5,8.4,9.3,,,-2.4
Antigua and Barbuda,,AG,ATG,Americas,English,,True,True,XCD,97928,442.0,left,,,,,79.0,94.0,,,0.9,17.2,17.0,5.0,,300.0,3.0,24.0,,55.6,,1.94,,-83379451.0,-293118845.0,,,,,,,,18.2,,0.4,49.4,2.9,0.0,,91.0,197.0,10.68,,100.0,,100.0,,,,,8.0,98.0,,0.3,0.98,6.0,,21.0,112.0,99.0,105.0,9.8,81.7,111.9,20.5,1.9,,0.0,,,,,,,,,,,,,
Turkmenistan,,TM,TKM,Asia,Russian,Closed Autocracies,True,True,TMT,6031187,488100.0,right,,,,9.0,69.0,99.0,,,0.1,0.0,1.0,3614.0,2.6,,0.0,54.0,,30.7,,60.13,,,,13327.0,,,,48.0,57173.0,46.0,8.8,0.0,3.2,,2.29,,,21.0,99.0,5.22,0.0,100.0,2410.0,100.0,,,,,1868.0,100.0,97.65,3.0,0.98,26.0,50.0,5.0,110.0,99.0,108.0,20.4,121.2,114.0,84.6,11.3,2340.0,14.0,,,,,,,,,,,,,
Micronesia,,FM,FSM,Oceania,English,,True,True,USD,115021,702.0,right,16.0,5.5,40.1,,71.0,86.0,,,2.0,20.3,1.0,5.0,,5.0,2.0,23.0,27.9,36.5,,504260500.0,,-105076900.0,-20721200.0,,,,,,,,92.1,0.0,0.0,7.2,,,,41.0,19.0,5.82,,85.3,,13.0,,,22.0,,,90.0,,0.0,1.02,14.0,,74.0,92.0,,87.0,18.6,125.7,104.0,7.1,22.5,,0.0,,,,,,,,,,,,,
Curaçao,,CW,CUW,Americas,English,,False,False,ANG,155014,444.0,right,,,,,78.0,,,,2.8,7.3,17.0,68.0,,,4.0,89.0,,,,3.07,,-657754762.0,-129337586.0,,,,,,,,0.2,,0.3,,,,,68.0,88.0,32.91,,100.0,4798.0,,,,,,,99.0,,0.0,1.08,,,,109.0,,,12.4,,,,0.3,,,,,,,,,,,,,,,
Central African Republic,,CF,CAF,Africa,French,Electoral Autocracies,True,True,XAF,4829764,622984.0,right,65.7,5.6,43.0,69.0,54.0,41.0,90.0,3.4,90.9,0.0,20.0,32913.0,0.5,70000.0,0.0,44.0,,47.3,2.3,2.71,-0.5,,,,,,,74.0,3224.0,69.0,35.7,0.0,18.1,56.5,2.1,2.0,,11.0,34.0,0.02,,15.7,,1.0,37.2,81.6,,6.4,0.0,36.0,22.18,,0.74,13.0,18.0,835.0,111.0,37.0,49.0,10.0,173.4,109.9,9.0,28.6,,38.0,,,,,,,,,,,,,
Eritrea,,ER,ERI,Africa,Arabic,Closed Autocracies,True,True,ERN,5352000,117600.0,right,,,,,67.0,93.0,,0.4,80.7,1.3,15.0,119.0,13.4,100.0,8.0,43.0,,,20.9,2.04,5.8,-402025655.0,-27875537.0,,,,,78.0,,74.0,8.7,0.0,0.0,11.9,2.09,,,27.0,50.0,0.17,0.0,55.4,103.0,11.0,,,,,21.0,52.0,,0.0,0.88,22.0,9.0,322.0,83.0,77.0,57.0,5.4,100.6,109.3,62.7,14.1,,38.0,,,,,,,,,,,,,
Angola,,AO,AGO,Africa,Portuguese,Electoral Autocracies,True,True,AOA,32866268,1246700.0,right,31.1,3.8,51.3,63.0,62.0,50.0,52.0,1.5,52.9,0.2,4.0,25174.0,0.9,79000.0,90.0,69.0,,62.3,1.3,76.76,-2.9,13.27,2.15,,112000000.0,190000000.0,,76.0,20190.0,65.0,52.5,0.7,5.0,13.1,2.4,22.0,,39.0,67.0,0.37,2.5,48.5,310.0,50.0,30.1,80.1,12.0,4.7,0.0,58.0,27.09,0.0,0.63,34.0,14.0,222.0,87.0,72.0,61.0,7.7,122.5,130.7,36.8,14.9,,26.0,,,,,,,,,,,,,
Samoa,,WS,WSM,Oceania,English,,True,True,WST,198410,2842.0,left,1.2,6.8,38.7,,73.0,87.0,2.0,,35.9,2.1,6.0,5.0,,14.0,3.0,18.0,,63.8,,924520033.0,9.1,-214798028.0,-2396342.0,,,,,43.0,25007.0,41.0,57.8,0.3,0.3,29.9,,6.0,,75.0,60.0,0.88,,98.3,,40.0,,,34.0,1.5,,99.0,71.96,0.1,1.05,13.0,17.0,59.0,102.0,99.0,101.0,13.7,84.1,80.6,17.8,11.0,,13.0,,,,,,,,,,,,,
Saint Vincent and the Grenadines,,VC,VCT,Americas,English,,True,True,XCD,110947,389.0,left,,,,,69.0,,,,,,31.0,,,,,,53.7,52.4,,,,,,,,,,,,,73.2,,,,,,,78.0,,,,100.0,,,,,,,8.0,,,,,18.0,,,,,,,,,,,,,101323.0,-0.7,-784.0,0.5,1.07,10520.4,6.0,18.6,4.6,8.6,,,7.6
Bermuda,,BM,BMU,Americas,English,,False,False,BMD,63903,54.0,left,,,,,82.0,,,,0.9,36.0,11.0,,,50.0,11.0,100.0,,,,8.48,7.3,-789315041.0,-76457683.0,,,,,,,,18.5,,0.0,,,13.0,0.2,98.0,106.0,35.58,,100.0,,,,,,,,100.0,,0.0,1.05,,,,86.0,,105.0,7.8,,,5.6,0.2,,,,,,,,,,,,,,,
Seychelles,,SC,SYC,Africa,Seychellois Creole,Liberal Democracies,True,True,SCR,98462,452.0,left,0.5,7.1,32.1,,74.0,93.0,11.0,,1.9,26.1,5.0,,,20.0,5.0,59.0,60.9,64.0,1.7,2.12,5.5,-61816229.0,-279217315.0,,,,,,,,73.3,0.1,32.8,17.7,,0.0,0.4,87.0,192.0,30.77,,100.0,,100.0,,,,0.2,,96.0,,32.8,1.06,23.0,,3.0,97.0,96.0,94.0,6.7,101.8,189.7,3.4,2.8,,11.0,,,,,,,,,,,,,
Bahamas,,BS,BHS,Americas,English,,True,True,BSD,393248,13943.0,left,,,,,74.0,,,,,,29.0,,,,,,82.2,49.8,,,,,,,,,,,,,50.9,,,,,,,94.0,,,,100.0,,,,,,,,,,,,18.0,,,,,,,,,,,,,399440.0,0.5,1001.0,,14.34,35896.5,2.6,8.6,3.1,0.4,,,2.2
Maldives,,MV,MDV,Asia,Maldivian,Electoral Democracies,True,True,MVR,540542,300.0,left,0.0,8.9,29.3,35.0,81.0,99.0,,0.1,1.2,80.5,1.0,,5.4,54.0,11.0,42.0,57.3,65.3,,5.82,5.0,-83406107.0,-761516185.0,,,478000000.0,,63.0,45905.0,61.0,2.7,0.0,0.1,,2.66,0.0,,84.0,137.0,18.73,,100.0,,100.0,,,29.0,,16.0,100.0,95.84,0.1,0.99,5.0,19.0,57.0,98.0,98.0,98.0,10.6,93.7,99.5,19.7,5.1,,2.0,,,,,,,,,,,,,
South Sudan,,SS,SSD,Africa,English,Closed Autocracies,True,True,SSP,11193729,619745.0,right,67.3,4.9,44.1,94.0,56.0,72.0,,1.9,32.4,0.0,14.0,381236.0,1.2,167000.0,0.0,21.0,,27.5,6.3,10.52,-4.9,55845000.0,2210000.0,,,,,74.0,,65.0,11.3,3.0,15.5,8.0,,,,12.0,30.0,0.0,0.0,8.4,41.0,0.0,45.6,71.5,6.0,,3.0,41.0,5.6,,0.69,32.0,4.0,1223.0,82.0,35.0,21.0,3.3,117.9,113.2,44.7,10.4,,37.0,,,,,,,,,,,,,
Belize,,BZ,BLZ,Americas,Belizean Creole,,True,True,BZD,397621,22966.0,right,,,,16.0,71.0,93.0,30.0,1.3,30.8,12.5,31.0,214.0,1.1,5100.0,41.0,47.0,61.0,65.1,0.8,2.96,0.1,-37145636.0,-13782459.0,,53000000.0,,,62.0,29946.0,57.0,55.0,0.2,21.1,36.7,,0.0,,70.0,66.0,9.75,,98.6,,83.0,,,39.0,0.1,1.0,98.0,90.29,11.0,0.99,16.0,51.0,130.0,97.0,91.0,94.0,18.5,98.4,117.4,8.0,8.1,,23.0,,,,,,,,,,,,,
Bhutan,,BT,BTN,Asia,Dzongkha,Liberal Democracies,True,True,BTN,771612,38394.0,left,0.0,8.8,28.5,,72.0,99.0,2.0,0.2,82.5,0.0,2.0,,2.3,120.0,0.0,44.0,111.0,63.1,,2.75,5.2,-939178027.0,-11879561.0,,201000000.0,,,65.0,30394.0,63.0,71.6,2.6,49.7,32.2,2.3,0.0,,87.0,95.0,1.32,,100.0,,88.0,,,3.0,0.5,0.0,99.0,93.2,,1.06,17.0,66.0,60.0,106.0,72.0,78.0,17.8,68.1,132.3,12.8,14.7,,16.0,,,,,,,,,,,,,
Cayman Islands,,KY,CYM,Americas,English,,False,False,KYD,65720,264.0,left,,,,,82.0,,,,0.0,53.4,4.0,49.0,,41.0,11.0,100.0,,,,4.36,,1.72,921463031.0,,,,,,,,52.7,,0.1,,,68.0,0.0,81.0,147.0,56.36,,100.0,,,,,,,,95.0,,0.1,0.99,,,,88.0,99.0,94.0,15.0,,,11.3,0.5,,,,,,,,,,,,,,,
Brunei,,BN,BRN,Asia,Malay,,True,True,BND,437483,5765.0,left,,,,,75.0,,,,,,0.0,,,,,,,63.2,,,,,,,,,,,,,72.1,,,,,,,99.0,,,,100.0,,,,,,,1.0,,,,,12.0,,,,,,,,,,,,,458949.0,0.8,0.0,0.6,15.13,32962.9,1.4,5.2,0.4,0.0,0.0,,-0.3
Guam,,GU,GUM,Oceania,Chamorro,,False,False,USD,168783,549.0,right,,,,,78.0,,,,6.7,4.9,4.0,,,1600.0,2.0,95.0,,,,,,,,,,,,63.0,,59.0,51.9,,0.0,,,,,81.0,60.0,1.84,,100.0,,,,,,,,100.0,,0.0,,,,,,100.0,,,,,29.6,,,,,,,,,,,,,,,,
Tonga,,TO,TON,Oceania,English,,True,True,TOP,105697,747.0,left,0.0,9.3,27.1,,71.0,99.0,0.0,,2.3,17.5,1.0,,,2400.0,6.0,23.0,43.9,61.2,,543800039.0,-2.9,-288116242.0,-3784837.0,,6400000.0,,,52.0,20815.0,51.0,12.4,0.0,0.1,33.9,,3.0,,58.0,61.0,8.17,,100.0,,90.0,,,,,,99.0,69.54,0.1,1.05,7.0,29.0,126.0,103.0,99.0,95.0,8.4,97.2,100.9,48.6,15.6,,33.0,,,,,,,,,,,,,
Kiribati,,KI,KIR,Oceania,English,,True,True,AUD,119446,811.0,left,1.7,9.5,27.8,,68.0,79.0,0.0,,41.9,67.6,7.0,,,2500.0,4.0,58.0,,49.0,,466251743.0,-0.9,-276525126.0,-5094095.0,,,,,,,,1.5,0.0,11.8,,,2.0,,54.0,49.0,0.33,,94.4,,15.0,,,52.0,,,76.0,55.68,11.8,1.07,7.0,34.0,76.0,93.0,98.0,103.0,16.1,95.8,112.7,42.0,27.8,,2.0,,,,,,,,,,,,,
Saint Martin,,MF,MAF,Americas,French,,False,False,EUR,38659,53.0,right,,,,,81.0,,,,,26.9,29.0,,,11000.0,6.0,,,,,,,,,,,,,,,,24.8,,92.0,,,,,,,,,100.0,,,,,,,,100.0,,96.4,,,,,,,,,,,,,,,,,,,,,,,,,,,
American Samoa,,AS,ASM,Oceania,English,,False,False,USD,55197,199.0,right,,,,,,,,,0.4,18.1,0.0,,,59.0,2.0,87.0,,,,,,,,,,,,,,,85.3,,8.7,,,,,,4.0,,,,,,,,,,,99.0,,8.7,,,,,,,,,,,14.5,,,,,,,,,,,,,,,,
