Country,Country Code,Country Code CCA3,Region,Main Language,Independent,UN Member,Main Currency,Population,Area,Car Side
South Georgia,GS,SGS,Antarctic,English,False,False,SHP,30,3903.0,right
Grenada,GD,GRD,Americas,English,True,True,XCD,112519,344.0,left
Switzerland,CH,CHE,Europe,French,True,True,CHF,8654622,41284.0,right
Sierra Leone,SL,SLE,Africa,English,True,True,SLL,7976985,71740.0,right
Hungary,HU,HUN,Europe,Hungarian,True,True,HUF,9749763,93028.0,right
Taiwan,TW,TWN,Asia,Chinese,False,False,TWD,23503349,36193.0,right
Wallis and Futuna,WF,WLF,Oceania,French,False,False,XPF,11750,142.0,right
Barbados,BB,BRB,Americas,English,True,True,BBD,287371,430.0,left
Pitcairn Islands,PN,PCN,Oceania,English,False,False,NZD,56,47.0,left
Ivory Coast,CI,CIV,Africa,French,True,True,XOF,26378275,322463.0,right
Tunisia,TN,TUN,Africa,Arabic,True,True,TND,11818618,163610.0,right
Italy,IT,ITA,Europe,Italian,True,True,EUR,59554023,301336.0,right
Benin,BJ,BEN,Africa,French,True,True,XOF,12123198,112622.0,right
Indonesia,ID,IDN,Asia,Indonesian,True,True,IDR,273523621,1904569.0,left
Cape Verde,CV,CPV,Africa,Portuguese,True,True,CVE,555988,4033.0,right
Saint Kitts and Nevis,KN,KNA,Americas,English,True,True,XCD,53192,261.0,left
Laos,LA,LAO,Asia,Lao,True,True,LAK,7275556,236800.0,right
Caribbean Netherlands,BQ,BES,Americas,English,False,False,USD,25987,328.0,right
Uganda,UG,UGA,Africa,English,True,True,UGX,45741000,241550.0,left
Andorra,AD,AND,Europe,Catalan,True,True,EUR,77265,468.0,right
Burundi,BI,BDI,Africa,French,True,True,BIF,11890781,27834.0,right
South Africa,ZA,ZAF,Africa,Afrikaans,True,True,ZAR,59308690,1221037.0,left
France,FR,FRA,Europe,French,True,True,EUR,67391582,551695.0,right
Libya,LY,LBY,Africa,Arabic,True,True,LYD,6871287,1759540.0,right
Mexico,MX,MEX,Americas,Spanish,True,True,MXN,128932753,1964375.0,right
Gabon,GA,GAB,Africa,French,True,True,XAF,2225728,267668.0,right
Northern Mariana Islands,MP,MNP,Oceania,Carolinian,False,False,USD,57557,464.0,right
North Macedonia,MK,MKD,Europe,Macedonian,True,True,MKD,2077132,25713.0,right
China,CN,CHN,Asia,Chinese,True,True,CNY,1402112000,9706961.0,right
Yemen,YE,YEM,Asia,Arabic,True,True,YER,29825968,527968.0,right
Saint Barthélemy,BL,BLM,Americas,French,False,False,EUR,4255,21.0,right
Guernsey,GG,GGY,Europe,English,False,False,GBP,62999,78.0,left
Solomon Islands,SB,SLB,Oceania,English,True,True,SBD,686878,28896.0,left
Svalbard and Jan Mayen,SJ,SJM,Europe,Norwegian,False,False,NOK,2562,61399.0,right
Faroe Islands,FO,FRO,Europe,Danish,False,False,DKK,48865,1393.0,right
Uzbekistan,UZ,UZB,Asia,Russian,True,True,UZS,34232050,447400.0,right
Egypt,EG,EGY,Africa,Arabic,True,True,EGP,102334403,1002450.0,right
Senegal,SN,SEN,Africa,French,True,True,XOF,16743930,196722.0,right
Sri Lanka,LK,LKA,Asia,Sinhala,True,True,LKR,21919000,65610.0,left
Palestine,PS,PSE,Asia,Arabic,False,False,EGP,4803269,6220.0,right
Bangladesh,BD,BGD,Asia,Bengali,True,True,BDT,164689383,147570.0,left
Peru,PE,PER,Americas,Aymara,True,True,PEN,32971846,1285216.0,right
Singapore,SG,SGP,Asia,English,True,True,SGD,5685807,710.0,left
Turkey,TR,TUR,Asia,Turkish,True,True,TRY,84339067,783562.0,right
Afghanistan,AF,AFG,Asia,Dari,True,True,AFN,40218234,652230.0,right
Aruba,AW,ABW,Americas,Dutch,False,False,AWG,106766,180.0,right
Cook Islands,CK,COK,Oceania,English,False,False,CKD,18100,236.0,left
United Kingdom,GB,GBR,Europe,English,True,True,GBP,67215293,242900.0,left
Zambia,ZM,ZMB,Africa,English,True,True,ZMW,18383956,752612.0,left
Finland,FI,FIN,Europe,Finnish,True,True,EUR,5530719,338424.0,right
Niger,NE,NER,Africa,French,True,True,XOF,24206636,1267000.0,right
Christmas Island,CX,CXR,Oceania,English,False,False,AUD,2072,135.0,left
Tokelau,TK,TKL,Oceania,English,False,False,NZD,1411,12.0,left
Guinea-Bissau,GW,GNB,Africa,Portuguese,True,False,XOF,1967998,36125.0,right
Azerbaijan,AZ,AZE,Asia,Azerbaijani,True,True,AZN,10110116,86600.0,right
Réunion,RE,REU,Africa,French,False,False,EUR,840974,2511.0,right
Djibouti,DJ,DJI,Africa,Arabic,True,True,DJF,988002,23200.0,right
North Korea,KP,PRK,Asia,Korean,True,True,KPW,25778815,120538.0,right
Mauritius,MU,MUS,Africa,English,True,True,MUR,1265740,2040.0,left
Montserrat,MS,MSR,Americas,English,False,False,XCD,4922,102.0,left
United States Virgin Islands,VI,VIR,Americas,English,False,False,USD,106290,347.0,right
Colombia,CO,COL,Americas,Spanish,True,True,COP,50882884,1141748.0,right
Greece,GR,GRC,Europe,Greek,True,True,EUR,10715549,131990.0,right
Croatia,HR,HRV,Europe,Croatian,True,True,EUR,4047200,56594.0,right
Morocco,MA,MAR,Africa,Arabic,True,True,MAD,36910558,446550.0,right
Algeria,DZ,DZA,Africa,Arabic,True,True,DZD,44700000,2381741.0,right
Antarctica,AQ,ATA,Antarctic,,False,False,,1000,14000000.0,right
Netherlands,NL,NLD,Europe,Dutch,True,True,EUR,16655799,41850.0,right
Sudan,SD,SDN,Africa,Arabic,True,True,SDG,43849269,1886068.0,right
Fiji,FJ,FJI,Oceania,English,True,True,FJD,896444,18272.0,left
Liechtenstein,LI,LIE,Europe,German,True,True,CHF,38137,160.0,right
Nepal,NP,NPL,Asia,Nepali,True,True,NPR,29136808,147181.0,left
Puerto Rico,PR,PRI,Americas,English,False,False,USD,3194034,8870.0,right
Georgia,GE,GEO,Asia,Georgian,True,True,GEL,3714000,69700.0,right
Pakistan,PK,PAK,Asia,English,True,True,PKR,220892331,881912.0,left
Monaco,MC,MCO,Europe,French,True,True,EUR,39244,2.02,right
Botswana,BW,BWA,Africa,English,True,True,BWP,2351625,582000.0,left
Lebanon,LB,LBN,Asia,Arabic,True,True,LBP,6825442,10452.0,right
Papua New Guinea,PG,PNG,Oceania,English,True,True,PGK,8947027,462840.0,left
Mayotte,YT,MYT,Africa,French,False,False,EUR,226915,374.0,right
Dominican Republic,DO,DOM,Americas,Spanish,True,True,DOP,10847904,48671.0,right
Norfolk Island,NF,NFK,Oceania,English,False,False,AUD,2302,36.0,left
Bouvet Island,BV,BVT,Antarctic,Norwegian,False,False,,0,49.0,right
Qatar,QA,QAT,Asia,Arabic,True,True,QAR,2881060,11586.0,right
Madagascar,MG,MDG,Africa,French,True,True,MGA,27691019,587041.0,right
India,IN,IND,Asia,English,True,True,INR,1380004385,3287590.0,left
Syria,SY,SYR,Asia,Arabic,True,True,SYP,17500657,185180.0,right
Montenegro,ME,MNE,Europe,Montenegrin,True,True,EUR,621718,13812.0,right
Eswatini,SZ,SWZ,Africa,English,True,True,SZL,1160164,17364.0,left
Paraguay,PY,PRY,Americas,Guaraní,True,True,PYG,7132530,406752.0,right
El Salvador,SV,SLV,Americas,Spanish,True,True,USD,6486201,21041.0,right
Ukraine,UA,UKR,Europe,Ukrainian,True,True,UAH,44134693,603500.0,right
Isle of Man,IM,IMN,Europe,English,False,False,GBP,85032,572.0,left
Namibia,NA,NAM,Africa,Afrikaans,True,True,NAD,2540916,825615.0,left
United Arab Emirates,AE,ARE,Asia,Arabic,True,True,AED,9890400,83600.0,right
Bulgaria,BG,BGR,Europe,Bulgarian,True,True,BGN,6927288,110879.0,right
Greenland,GL,GRL,Americas,Greenlandic,False,False,DKK,56367,2166086.0,right
Germany,DE,DEU,Europe,German,True,True,EUR,83240525,357114.0,right
Cambodia,KH,KHM,Asia,Khmer,True,True,KHR,16718971,181035.0,right
Iraq,IQ,IRQ,Asia,Arabic,True,True,IQD,40222503,438317.0,right
French Southern and Antarctic Lands,TF,ATF,Antarctic,French,False,False,EUR,400,7747.0,right
Sweden,SE,SWE,Europe,Swedish,True,True,SEK,10353442,450295.0,right
Cuba,CU,CUB,Americas,Spanish,True,True,CUC,11326616,109884.0,right
Kyrgyzstan,KG,KGZ,Asia,Kyrgyz,True,True,KGS,6591600,199951.0,right
Russia,RU,RUS,Europe,Russian,True,True,RUB,144104080,17098242.0,right
Malaysia,MY,MYS,Asia,English,True,True,MYR,32365998,330803.0,left
São Tomé and Príncipe,ST,STP,Africa,Portuguese,True,True,STN,219161,964.0,right
Cyprus,CY,CYP,Europe,Greek,True,True,EUR,1207361,9251.0,left
Canada,CA,CAN,Americas,English,True,True,CAD,38005238,9984670.0,right
Malawi,MW,MWI,Africa,English,True,True,MWK,19129955,118484.0,left
Saudi Arabia,SA,SAU,Asia,Arabic,True,True,SAR,34813867,2149690.0,right
Bosnia and Herzegovina,BA,BIH,Europe,Bosnian,True,True,BAM,3280815,51209.0,right
Ethiopia,ET,ETH,Africa,Amharic,True,True,ETB,114963583,1104300.0,right
Spain,ES,ESP,Europe,Spanish,True,True,EUR,47351567,505992.0,right
Slovenia,SI,SVN,Europe,Slovene,True,True,EUR,2100126,20273.0,right
Oman,OM,OMN,Asia,Arabic,True,True,OMR,5106622,309500.0,right
Saint Pierre and Miquelon,PM,SPM,Americas,French,False,False,EUR,6069,242.0,right
Macau,MO,MAC,Asia,Portuguese,False,False,MOP,649342,30.0,left
San Marino,SM,SMR,Europe,Italian,True,True,EUR,33938,61.0,right
Lesotho,LS,LSO,Africa,English,True,True,LSL,2142252,30355.0,left
Marshall Islands,MH,MHL,Oceania,English,True,True,USD,59194,181.0,right
Sint Maarten,SX,SXM,Americas,English,False,False,ANG,40812,34.0,right
Iceland,IS,ISL,Europe,Icelandic,True,True,ISK,366425,103000.0,right
Luxembourg,LU,LUX,Europe,German,True,True,EUR,632275,2586.0,right
Argentina,AR,ARG,Americas,Guaraní,True,True,ARS,45376763,2780400.0,right
Turks and Caicos Islands,TC,TCA,Americas,English,False,False,USD,38718,948.0,left
Nauru,NR,NRU,Oceania,English,True,True,AUD,10834,21.0,left
Cocos (Keeling) Islands,CC,CCK,Oceania,English,False,False,AUD,544,14.0,left
Western Sahara,EH,ESH,Africa,Berber,False,False,DZD,510713,266000.0,right
Dominica,DM,DMA,Americas,English,True,True,XCD,71991,751.0,left
Costa Rica,CR,CRI,Americas,Spanish,True,True,CRC,5094114,51100.0,right
Australia,AU,AUS,Oceania,English,True,True,AUD,25687041,7692024.0,left
Thailand,TH,THA,Asia,Thai,True,True,THB,69799978,513120.0,left
Haiti,HT,HTI,Americas,French,True,True,HTG,11402533,27750.0,right
Tuvalu,TV,TUV,Oceania,English,True,True,AUD,11792,26.0,left
Honduras,HN,HND,Americas,Spanish,True,True,HNL,9904608,112492.0,right
Equatorial Guinea,GQ,GNQ,Africa,French,True,True,XAF,1402985,28051.0,right
Saint Lucia,LC,LCA,Americas,English,True,True,XCD,183629,616.0,left
French Polynesia,PF,PYF,Oceania,French,False,False,XPF,280904,4167.0,right
Belarus,BY,BLR,Europe,Belarusian,True,True,BYN,9398861,207600.0,right
Latvia,LV,LVA,Europe,Latvian,True,True,EUR,1901548,64559.0,right
Palau,PW,PLW,Oceania,English,True,True,USD,18092,459.0,right
Guadeloupe,GP,GLP,Americas,French,False,False,EUR,400132,1628.0,right
Philippines,PH,PHL,Asia,English,True,True,PHP,109581085,342353.0,right
Gibraltar,GI,GIB,Europe,English,False,False,GIP,33691,6.0,right
Denmark,DK,DNK,Europe,Danish,True,True,DKK,5831404,43094.0,right
Cameroon,CM,CMR,Africa,English,True,True,XAF,26545864,475442.0,right
Guinea,GN,GIN,Africa,French,True,True,GNF,13132792,245857.0,right
Bahrain,BH,BHR,Asia,Arabic,True,True,BHD,1701583,765.0,right
Suriname,SR,SUR,Americas,Dutch,True,True,SRD,586634,163820.0,left
DR Congo,CD,COD,Africa,French,True,True,CDF,108407721,2344858.0,right
Somalia,SO,SOM,Africa,Arabic,True,True,SOS,15893219,637657.0,right
Czechia,CZ,CZE,Europe,Czech,True,True,CZK,10698896,78865.0,right
New Caledonia,NC,NCL,Oceania,French,False,False,XPF,271960,18575.0,right
Vanuatu,VU,VUT,Oceania,Bislama,True,True,VUV,307150,12189.0,right
"Saint Helena, Ascension and Tristan da Cunha",SH,SHN,Africa,English,False,False,GBP,53192,394.0,left
Togo,TG,TGO,Africa,French,True,True,XOF,8278737,56785.0,right
British Virgin Islands,VG,VGB,Americas,English,False,False,USD,30237,151.0,left
Kenya,KE,KEN,Africa,English,True,True,KES,53771300,580367.0,left
Niue,NU,NIU,Oceania,English,False,False,NZD,1470,260.0,left
Heard Island and McDonald Islands,HM,HMD,Antarctic,English,False,False,,0,412.0,right
Rwanda,RW,RWA,Africa,English,True,True,RWF,12952209,26338.0,right
Estonia,EE,EST,Europe,Estonian,True,True,EUR,1331057,45227.0,right
Romania,RO,ROU,Europe,Romanian,True,True,RON,19286123,238391.0,right
Trinidad and Tobago,TT,TTO,Americas,English,True,True,TTD,1399491,5130.0,left
Guyana,GY,GUY,Americas,English,True,True,GYD,786559,214969.0,left
Timor-Leste,TL,TLS,Asia,Portuguese,True,True,USD,1318442,14874.0,left
Vietnam,VN,VNM,Asia,Vietnamese,True,True,VND,97338583,331212.0,right
Uruguay,UY,URY,Americas,Spanish,True,True,UYU,3473727,181034.0,right
Vatican City,VA,VAT,Europe,Italian,True,False,EUR,451,0.44,right
Hong Kong,HK,HKG,Asia,English,False,False,HKD,7500700,1104.0,left
Austria,AT,AUT,Europe,German,True,True,EUR,8917205,83871.0,right
Antigua and Barbuda,AG,ATG,Americas,English,True,True,XCD,97928,442.0,left
Turkmenistan,TM,TKM,Asia,Russian,True,True,TMT,6031187,488100.0,right
Mozambique,MZ,MOZ,Africa,Portuguese,True,True,MZN,31255435,801590.0,left
Panama,PA,PAN,Americas,Spanish,True,True,PAB,4314768,75417.0,right
Micronesia,FM,FSM,Oceania,English,True,True,USD,115021,702.0,right
Ireland,IE,IRL,Europe,English,True,True,EUR,4994724,70273.0,left
Curaçao,CW,CUW,Americas,English,False,False,ANG,155014,444.0,right
French Guiana,GF,GUF,Americas,French,False,False,EUR,254541,83534.0,right
Norway,NO,NOR,Europe,Norwegian Nynorsk,True,True,NOK,5379475,323802.0,right
Åland Islands,AX,ALA,Europe,Swedish,False,False,EUR,29458,1580.0,right
Central African Republic,CF,CAF,Africa,French,True,True,XAF,4829764,622984.0,right
Burkina Faso,BF,BFA,Africa,French,True,True,XOF,20903278,272967.0,right
Eritrea,ER,ERI,Africa,Arabic,True,True,ERN,5352000,117600.0,right
Tanzania,TZ,TZA,Africa,English,True,True,TZS,59734213,945087.0,left
South Korea,KR,KOR,Asia,Korean,True,True,KRW,51780579,100210.0,right
Jordan,JO,JOR,Asia,Arabic,True,True,JOD,10203140,89342.0,right
Mauritania,MR,MRT,Africa,Arabic,True,True,MRU,4649660,1030700.0,right
Lithuania,LT,LTU,Europe,Lithuanian,True,True,EUR,2794700,65300.0,right
United States Minor Outlying Islands,UM,UMI,Americas,English,False,False,USD,300,34.2,right
Slovakia,SK,SVK,Europe,Slovak,True,True,EUR,5458827,49037.0,right
Angola,AO,AGO,Africa,Portuguese,True,True,AOA,32866268,1246700.0,right
Kazakhstan,KZ,KAZ,Asia,Kazakh,True,True,KZT,18754440,2724900.0,right
Moldova,MD,MDA,Europe,Romanian,True,True,MDL,2617820,33846.0,right
Mali,ML,MLI,Africa,French,True,True,XOF,20250834,1240192.0,right
Falkland Islands,FK,FLK,Americas,English,False,False,FKP,2563,12173.0,left
Armenia,AM,ARM,Asia,Armenian,True,True,AMD,2963234,29743.0,right
Samoa,WS,WSM,Oceania,English,True,True,WST,198410,2842.0,left
Jersey,JE,JEY,Europe,English,False,False,GBP,100800,116.0,left
Japan,JP,JPN,Asia,Japanese,True,True,JPY,125836021,377930.0,left
Bolivia,BO,BOL,Americas,Aymara,True,True,BOB,11673029,1098581.0,right
Chile,CL,CHL,Americas,Spanish,True,True,CLP,19116209,756102.0,right
United States,US,USA,Americas,English,True,True,USD,329484123,9372610.0,right
Saint Vincent and the Grenadines,VC,VCT,Americas,English,True,True,XCD,110947,389.0,left
Bermuda,BM,BMU,Americas,English,False,False,BMD,63903,54.0,left
Seychelles,SC,SYC,Africa,Seychellois Creole,True,True,SCR,98462,452.0,left
British Indian Ocean Territory,IO,IOT,Africa,English,False,False,USD,3000,60.0,right
Guatemala,GT,GTM,Americas,Spanish,True,True,GTQ,16858333,108889.0,right
Ecuador,EC,ECU,Americas,Spanish,True,True,USD,17643060,276841.0,right
Martinique,MQ,MTQ,Americas,French,False,False,EUR,378243,1128.0,right
Tajikistan,TJ,TJK,Asia,Russian,True,True,TJS,9537642,143100.0,right
Malta,MT,MLT,Europe,English,True,True,EUR,525285,316.0,left
Gambia,GM,GMB,Africa,English,True,True,GMD,2416664,10689.0,right
Nigeria,NG,NGA,Africa,English,True,True,NGN,206139587,923768.0,right
Bahamas,BS,BHS,Americas,English,True,True,BSD,393248,13943.0,left
Kosovo,XK,UNK,Europe,Albanian,,False,EUR,1775378,10908.0,right
Kuwait,KW,KWT,Asia,Arabic,True,True,KWD,4270563,17818.0,right
Maldives,MV,MDV,Asia,Maldivian,True,True,MVR,540542,300.0,left
South Sudan,SS,SSD,Africa,English,True,True,SSP,11193729,619745.0,right
Iran,IR,IRN,Asia,Persian (Farsi),True,True,IRR,83992953,1648195.0,right
Albania,AL,ALB,Europe,Albanian,True,True,ALL,2837743,28748.0,right
Brazil,BR,BRA,Americas,Portuguese,True,True,BRL,212559409,8515767.0,right
Serbia,RS,SRB,Europe,Serbian,True,True,RSD,6908224,88361.0,right
Belize,BZ,BLZ,Americas,Belizean Creole,True,True,BZD,397621,22966.0,right
Myanmar,MM,MMR,Asia,Burmese,True,True,MMK,54409794,676578.0,right
Bhutan,BT,BTN,Asia,Dzongkha,True,True,BTN,771612,38394.0,left
Venezuela,VE,VEN,Americas,Spanish,True,True,VES,28435943,916445.0,right
Liberia,LR,LBR,Africa,English,True,True,LRD,5057677,111369.0,right
Jamaica,JM,JAM,Americas,English,True,True,JMD,2961161,10991.0,left
Poland,PL,POL,Europe,Polish,True,True,PLN,37950802,312679.0,right
Cayman Islands,KY,CYM,Americas,English,False,False,KYD,65720,264.0,left
Brunei,BN,BRN,Asia,Malay,True,True,BND,437483,5765.0,left
Comoros,KM,COM,Africa,Arabic,True,True,KMF,869595,1862.0,right
Guam,GU,GUM,Oceania,Chamorro,False,False,USD,168783,549.0,right
Tonga,TO,TON,Oceania,English,True,True,TOP,105697,747.0,left
Kiribati,KI,KIR,Oceania,English,True,True,AUD,119446,811.0,left
Ghana,GH,GHA,Africa,English,True,True,GHS,31072945,238533.0,right
Chad,TD,TCD,Africa,Arabic,True,True,XAF,16425859,1284000.0,right
Zimbabwe,ZW,ZWE,Africa,Chibarwe,True,True,ZWL,14862927,390757.0,left
Saint Martin,MF,MAF,Americas,French,False,False,EUR,38659,53.0,right
Mongolia,MN,MNG,Asia,Mongolian,True,True,MNT,3278292,1564110.0,right
Portugal,PT,PRT,Europe,Portuguese,True,True,EUR,10305564,92090.0,right
American Samoa,AS,ASM,Oceania,English,False,False,USD,55197,199.0,right
Republic of the Congo,CG,COG,Africa,French,True,True,XAF,5657000,342000.0,right
Belgium,BE,BEL,Europe,German,True,True,EUR,11555997,30528.0,right
Israel,IL,ISR,Asia,Arabic,True,True,ILS,9216900,20770.0,right
New Zealand,NZ,NZL,Oceania,English,True,True,NZD,5084300,270467.0,left
Nicaragua,NI,NIC,Americas,Spanish,True,True,NIO,6624554,130373.0,right
Anguilla,AI,AIA,Americas,English,False,False,XCD,13452,91.0,left
